subj_id,list_id,item_id,A,B,Y
1,4,1,a2,b2,233.5056252
1,4,2,a2,b2,294.6706043
1,4,3,a2,b2,284.6235151
1,4,4,a2,b2,257.9814522
1,4,5,a2,b2,267.9257137
1,4,6,a2,b2,282.1853444
1,4,7,a2,b2,280.5668637
1,4,8,a2,b2,291.0552074
1,4,9,a2,b2,292.4811418
1,4,10,a2,b2,243.3556566
1,4,11,a1,b1,260.9661396
1,4,12,a1,b1,270.67705
1,4,13,a1,b1,243.3545832
1,4,14,a1,b1,303.7539321
1,4,15,a1,b1,263.4989525
1,4,16,a1,b1,256.4163078
1,4,17,a1,b1,NA
1,4,18,a1,b1,263.4450419
1,4,19,a1,b1,268.6069566
1,4,20,a1,b1,256.4219065
1,4,21,a1,b2,267.7705196
1,4,22,a1,b2,234.7441564
1,4,23,a1,b2,260.5918247
1,4,24,a1,b2,NA
1,4,25,a1,b2,309.2325031
1,4,26,a1,b2,276.9304238
1,4,27,a1,b2,305.6363279
1,4,28,a1,b2,277.451891
1,4,29,a1,b2,315.0893793
1,4,30,a1,b2,247.0450523
1,4,31,a2,b1,260.4031633
1,4,32,a2,b1,NA
1,4,33,a2,b1,NA
1,4,34,a2,b1,237.8184573
1,4,35,a2,b1,250.8316074
1,4,36,a2,b1,259.6996592
1,4,37,a2,b1,224.1617814
1,4,38,a2,b1,278.3058207
1,4,39,a2,b1,227.282903
1,4,40,a2,b1,264.6240519
2,1,1,a1,b1,223.6921667
2,1,2,a1,b1,240.4373515
2,1,3,a1,b1,250.8050361
2,1,4,a1,b1,251.3000898
2,1,5,a1,b1,228.7779917
2,1,6,a1,b1,215.9792778
2,1,7,a1,b1,199.1269142
2,1,8,a1,b1,262.1870244
2,1,9,a1,b1,220.249426
2,1,10,a1,b1,228.9012257
2,1,11,a1,b2,284.2279162
2,1,12,a1,b2,255.3271096
2,1,13,a1,b2,255.9850085
2,1,14,a1,b2,315.8959654
2,1,15,a1,b2,270.3953607
2,1,16,a1,b2,290.7379685
2,1,17,a1,b2,254.2325213
2,1,18,a1,b2,302.865317
2,1,19,a1,b2,248.2004474
2,1,20,a1,b2,305.7447777
2,1,21,a2,b1,254.5347762
2,1,22,a2,b1,247.9159478
2,1,23,a2,b1,258.2762093
2,1,24,a2,b1,269.8792151
2,1,25,a2,b1,254.3673486
2,1,26,a2,b1,233.8992085
2,1,27,a2,b1,258.6735797
2,1,28,a2,b1,270.7982829
2,1,29,a2,b1,257.035271
2,1,30,a2,b1,252.9498272
2,1,31,a2,b2,283.5686859
2,1,32,a2,b2,281.4279592
2,1,33,a2,b2,280.0569123
2,1,34,a2,b2,248.0358753
2,1,35,a2,b2,268.6168241
2,1,36,a2,b2,277.0455696
2,1,37,a2,b2,303.8529945
2,1,38,a2,b2,259.885588
2,1,39,a2,b2,277.1535164
2,1,40,a2,b2,305.1098199
3,1,1,a1,b1,234.4288397
3,1,2,a1,b1,223.8384396
3,1,3,a1,b1,297.279149
3,1,4,a1,b1,277.1674097
3,1,5,a1,b1,237.9297756
3,1,6,a1,b1,227.6300989
3,1,7,a1,b1,258.3220585
3,1,8,a1,b1,304.25575
3,1,9,a1,b1,205.1048551
3,1,10,a1,b1,245.4599898
3,1,11,a1,b2,262.9141983
3,1,12,a1,b2,266.7769263
3,1,13,a1,b2,281.8025378
3,1,14,a1,b2,300.1462757
3,1,15,a1,b2,221.2193748
3,1,16,a1,b2,257.6985078
3,1,17,a1,b2,249.5793501
3,1,18,a1,b2,277.3032077
3,1,19,a1,b2,193.2248322
3,1,20,a1,b2,317.1284421
3,1,21,a2,b1,255.2754746
3,1,22,a2,b1,256.1040439
3,1,23,a2,b1,263.3777936
3,1,24,a1,b1,271.6009062
3,1,25,a2,b1,227.0202742
3,1,26,a2,b1,294.2461318
3,1,27,a2,b1,242.1963193
3,1,28,a2,b1,252.5087726
3,1,29,a2,b1,249.3080833
3,1,30,a2,b1,245.1243768
3,1,31,a2,b2,233.1949898
3,1,32,a2,b2,262.4134082
3,1,33,a2,b2,266.9618759
3,1,34,a2,b2,254.0352487
3,1,35,a2,b2,214.9511279
3,1,36,a2,b2,200.8024579
3,1,37,a2,b2,258.9122623
3,1,38,a2,b2,210.1102554
3,1,39,a2,b2,241.7476911
3,1,40,a2,b2,262.9710444
4,4,1,a2,b2,222.0868001
4,4,2,a2,b2,241.8484382
4,4,3,a2,b2,250.8995565
4,4,4,a2,b2,199.8326078
4,4,5,a2,b2,228.6327224
4,4,6,a2,b2,223.0089074
4,4,7,a2,b2,220.1140688
4,4,8,a2,b2,240.7246502
4,4,9,a2,b2,264.39109
4,4,10,a2,b2,206.6308084
4,4,11,a1,b1,280.4977126
4,4,12,a1,b1,265.4321496
4,4,13,a1,b1,275.0317246
4,4,14,a1,b1,276.9421093
4,4,15,a1,b1,278.3939088
4,4,16,a1,b1,265.4402249
4,4,17,a1,b1,294.6629421
4,4,18,a1,b1,274.028663
4,4,19,a1,b1,257.9384573
4,4,20,a1,b1,283.4274131
4,4,21,a1,b2,238.336511
4,4,22,a1,b2,216.9542438
4,4,23,a1,b2,252.6996632
4,4,24,a1,b2,315.4338261
4,4,25,a1,b2,305.8170269
4,4,26,a1,b2,233.2041015
4,4,27,a1,b2,NA
4,4,28,a1,b2,274.0152233
4,4,29,a1,b2,287.739981
4,4,30,a1,b2,270.5977198
4,4,31,a2,b1,267.082559
4,4,32,a2,b1,271.044963
4,4,33,a2,b1,273.3010419
4,4,34,a2,b1,210.7169755
4,4,35,a2,b1,238.9179619
4,4,36,a2,b1,273.8033362
4,4,37,a2,b1,245.990598
4,4,38,a2,b1,248.6676082
4,4,39,a2,b1,267.5714121
4,4,40,a2,b1,250.6287622
5,3,1,a2,b1,261.7101802
5,3,2,a2,b1,258.6921974
5,3,3,a2,b1,223.5346586
5,3,4,a2,b1,249.8613311
5,3,5,a2,b1,249.7497421
5,3,6,a2,b1,188.93124890000001
5,3,7,a2,b1,231.8348444
5,3,8,a2,b1,287.9134769
5,3,9,a2,b1,252.0111059
5,3,10,a2,b1,228.0645324
5,3,11,a2,b2,258.10169
5,3,12,a2,b2,298.7195643
5,3,13,a2,b2,295.3126689
5,3,14,a2,b2,260.777878
5,3,15,a2,b2,276.1090053
5,3,16,a2,b2,245.099544
5,3,17,a2,b2,268.2846865
5,3,18,a2,b2,306.1730005
5,3,19,a2,b2,254.7925381
5,3,20,a2,b2,309.4710868
5,3,21,a1,b1,208.5975644
5,3,22,a1,b1,247.5901348
5,3,23,a1,b1,258.7378786
5,3,24,a1,b1,280.3179885
5,3,25,a1,b1,233.0255314
5,3,26,a1,b1,237.746984
5,3,27,a1,b1,261.1080895
5,3,28,a1,b1,256.7739917
5,3,29,a1,b1,277.7369665
5,3,30,a1,b1,259.8841913
5,3,31,a1,b2,226.2301829
5,3,32,a1,b2,263.1967138
5,3,33,a1,b2,273.2220679
5,3,34,a1,b2,220.9787676
5,3,35,a1,b2,258.8634274
5,3,36,a1,b2,240.5779853
5,3,37,a1,b2,263.7451194
5,3,38,a1,b2,258.1617066
5,3,39,a1,b2,245.469062
5,3,40,a1,b2,318.4167007
6,3,1,a2,b1,NA
6,3,2,a2,b1,NA
6,3,3,a2,b1,239.7363094
6,3,4,a2,b1,211.2556433
6,3,5,a2,b1,232.5139568
6,3,6,a2,b1,234.1093961
6,3,7,a2,b1,226.0223399
6,3,8,a2,b1,207.4378016
6,3,9,a2,b1,232.2298483
6,3,10,a2,b1,216.6843791
6,3,11,a2,b2,263.8972274
6,3,12,a2,b2,258.939495
6,3,13,a2,b2,291.6150224
6,3,14,a2,b2,276.7238315
6,3,15,a2,b2,254.9567585
6,3,16,a2,b2,268.9645176
6,3,17,a2,b2,296.249253
6,3,18,a2,b2,278.1591472
6,3,19,a2,b2,264.4314109
6,3,20,a2,b2,290.6581182
6,3,21,a1,b1,243.4829373
6,3,22,a1,b1,222.7236112
6,3,23,a1,b1,239.4436137
6,3,24,a1,b1,259.1395655
6,3,25,a1,b1,247.1761232
6,3,26,a1,b1,260.7380492
6,3,27,a1,b1,277.829083
6,3,28,a1,b1,286.3325093
6,3,29,a1,b1,263.8894678
6,3,30,a1,b1,244.7222185
6,3,31,a1,b2,248.9910891
6,3,32,a1,b2,251.7526415
6,3,33,a1,b2,261.7102324
6,3,34,a1,b2,257.9781305
6,3,35,a1,b2,239.7767683
6,3,36,a1,b2,198.0204026
6,3,37,a1,b2,258.7878833
6,3,38,a1,b2,254.9392108
6,3,39,a1,b2,212.2549895
6,3,40,a1,b2,271.239672
7,1,1,a1,b1,220.3443525
7,1,2,a1,b1,210.1352853
7,1,3,a1,b1,225.5200956
7,1,4,a1,b1,232.1271644
7,1,5,a1,b1,225.3410438
7,1,6,a1,b1,201.212813
7,1,7,a1,b1,226.2017543
7,1,8,a1,b1,287.2834802
7,1,9,a1,b1,180.1626054
7,1,10,a1,b1,240.3749545
7,1,11,a1,b2,250.413578
7,1,12,a1,b2,243.2860089
7,1,13,a1,b2,260.3228046
7,1,14,a1,b2,263.7024089
7,1,15,a1,b2,232.1888691
7,1,16,a1,b2,251.9923544
7,1,17,a1,b2,223.4124756
7,1,18,a1,b2,236.1245036
7,1,19,a1,b2,218.3492322
7,1,20,a1,b2,NA
7,1,21,a2,b1,NA
7,1,22,a2,b1,NA
7,1,23,a2,b1,NA
7,1,24,a2,b1,NA
7,1,25,a2,b1,NA
7,1,26,a2,b1,NA
7,1,27,a2,b1,NA
7,1,28,a2,b1,NA
7,1,29,a2,b1,NA
7,1,30,a2,b1,NA
7,1,31,a2,b2,NA
7,1,32,a2,b2,NA
7,1,33,a2,b2,NA
7,1,34,a2,b2,NA
7,1,35,a2,b2,NA
7,1,36,a2,b2,NA
7,1,37,a2,b2,NA
7,1,38,a2,b2,NA
7,1,39,a2,b2,NA
7,1,40,a2,b2,NA
8,3,1,a2,b1,214.1131618
8,3,2,a2,b1,190.3506999
8,3,3,a2,b1,195.8563799
8,3,4,a2,b1,236.9157099
8,3,5,a2,b1,213.5166733
8,3,6,a2,b1,223.6204469
8,3,7,a2,b1,257.2760556
8,3,8,a2,b1,242.5244784
8,3,9,a2,b1,208.243906
8,3,10,a2,b1,231.8399062
8,3,11,a2,b2,220.2139124
8,3,12,a2,b2,261.2980313
8,3,13,a2,b2,207.7510111
8,3,14,a2,b2,221.4741848
8,3,15,a2,b2,251.4117251
8,3,16,a2,b2,225.1880712
8,3,17,a2,b2,250.8681583
8,3,18,a2,b2,265.1770353
8,3,19,a2,b2,177.312204
8,3,20,a2,b2,240.7122157
8,3,21,a1,b1,212.9978664
8,3,22,a1,b1,252.5210293
8,3,23,a1,b1,224.3707261
8,3,24,a1,b1,278.4847732
8,3,25,a1,b1,234.2985852
8,3,26,a1,b1,232.8038122
8,3,27,a1,b1,285.4571657
8,3,28,a1,b1,253.4420075
8,3,29,a1,b1,279.9113885
8,3,30,a1,b1,276.2848786
8,3,31,a1,b2,182.1052657
8,3,32,a1,b2,260.2887463
8,3,33,a1,b2,263.0964116
8,3,34,a1,b2,256.1283707
8,3,35,a1,b2,252.5268469
8,3,36,a1,b2,243.3080765
8,3,37,a1,b2,251.8304239
8,3,38,a1,b2,240.5322488
8,3,39,a1,b2,250.4684477
8,3,40,a1,b2,242.8993359
9,1,1,a1,b1,209.4776006
9,1,2,a1,b1,228.7751436
9,1,3,a1,b1,245.7107038
9,1,4,a1,b1,257.722696
9,1,5,a1,b1,229.6834912
9,1,6,a1,b1,205.7911238
9,1,7,a1,b1,185.199123
9,1,8,a1,b1,266.6052591
9,1,9,a1,b1,197.5121288
9,1,10,a1,b1,251.8417909
9,1,11,a1,b2,282.0351926
9,1,12,a1,b2,278.2773279
9,1,13,a1,b2,265.5833889
9,1,14,a1,b2,282.9841829
9,1,15,a1,b2,219.3148218
9,1,16,a1,b2,NA
9,1,17,a1,b2,215.1539012
9,1,18,a1,b2,260.6488221
9,1,19,a1,b2,214.8368839
9,1,20,a1,b2,259.2491221
9,1,21,a2,b1,266.1736723
9,1,22,a2,b1,243.0583713
9,1,23,a2,b1,NA
9,1,24,a2,b1,227.0220549
9,1,25,a2,b1,252.8844833
9,1,26,a2,b1,272.4578935
9,1,27,a2,b1,261.4997163
9,1,28,a2,b1,231.441603
9,1,29,a2,b1,231.9086666
9,1,30,a2,b1,249.0834956
9,1,31,a2,b2,256.7448937
9,1,32,a2,b2,223.0146207
9,1,33,a2,b2,285.0081875
9,1,34,a2,b2,256.4889935
9,1,35,a2,b2,266.286569
9,1,36,a2,b2,243.7759642
9,1,37,a2,b2,284.0071098
9,1,38,a2,b2,261.5605723
9,1,39,a2,b2,235.425942
9,1,40,a2,b2,248.4057436
10,2,1,a1,b2,245.6055537
10,2,2,a1,b2,314.1709422
10,2,3,a1,b2,262.2464263
10,2,4,a1,b2,295.7714699
10,2,5,a1,b2,270.8529343
10,2,6,a1,b2,273.1960815
10,2,7,a1,b2,291.0067921
10,2,8,a1,b2,300.3318369
10,2,9,a1,b2,217.3259192
10,2,10,a1,b2,231.6584931
10,2,11,a2,b1,276.6482431
10,2,12,a2,b1,245.7423919
10,2,13,a2,b1,242.4519662
10,2,14,a2,b1,269.9625001
10,2,15,a2,b1,280.2726588
10,2,16,a2,b1,262.2189299
10,2,17,a2,b1,261.1263394
10,2,18,a2,b1,251.756657
10,2,19,a2,b1,259.2219726
10,2,20,a2,b1,231.5222148
10,2,21,a2,b2,260.7597104
10,2,22,a2,b2,235.3312544
10,2,23,a1,b2,278.7065189
10,2,24,a2,b2,290.5643381
10,2,25,a2,b2,306.7727316
10,2,26,a2,b2,296.1173425
10,2,27,a2,b2,273.9222423
10,2,28,a2,b2,298.6644762
10,2,29,a2,b2,291.608229
10,2,30,a2,b2,244.1939703
10,2,31,a1,b1,239.6423342
10,2,32,a1,b1,203.0654763
10,2,33,a1,b1,293.7357941
10,2,34,a1,b1,218.5288075
10,2,35,a1,b1,NA
10,2,36,a1,b1,NA
10,2,37,a1,b1,NA
10,2,38,a1,b1,228.8330726
10,2,39,a1,b1,253.6733517
10,2,40,a1,b1,228.7839613
11,2,1,a1,b2,254.4655652
11,2,2,a1,b2,295.3029981
11,2,3,a1,b2,266.1300148
11,2,4,a1,b2,280.1406315
11,2,5,a1,b2,228.0824732
11,2,6,a1,b2,229.5695295
11,2,7,a1,b2,272.6715802
11,2,8,a1,b2,280.3221416
11,2,9,a1,b2,255.98318
11,2,10,a1,b2,185.2810893
11,2,11,a2,b1,256.869868
11,2,12,a2,b1,277.8156089
11,2,13,a2,b1,272.4659782
11,2,14,a2,b1,240.0520149
11,2,15,a2,b1,269.7048878
11,2,16,a2,b1,237.5593702
11,2,17,a2,b1,250.3189814
11,2,18,a2,b1,295.6018744
11,2,19,a2,b1,209.4460446
11,2,20,a2,b1,238.8808754
11,2,21,a2,b2,297.0645154
11,2,22,a2,b2,282.8381871
11,2,23,a2,b2,263.2079811
11,2,24,a2,b2,280.5073183
11,2,25,a2,b2,313.4348924
11,2,26,a2,b2,315.9680952
11,2,27,a2,b2,266.4516353
11,2,28,a2,b2,298.3983396
11,2,29,a2,b2,308.2826582
11,2,30,a2,b2,286.2214806
11,2,31,a1,b1,197.6611601
11,2,32,a1,b1,222.4397203
11,2,33,a1,b1,269.0210708
11,2,34,a1,b1,219.5675511
11,2,35,a1,b1,198.4806079
11,2,36,a1,b1,200.2121798
11,2,37,a1,b1,260.4169429
11,2,38,a1,b1,195.9674222
11,2,39,a1,b1,195.4103412
11,2,40,a1,b1,226.7595765
12,3,1,a2,b1,221.1748242
12,3,2,a2,b1,262.4047156
12,3,3,a2,b1,264.5744876
12,3,4,a2,b1,239.9097983
12,3,5,a2,b1,251.4306988
12,3,6,a2,b1,266.0405166
12,3,7,a2,b1,240.2260707
12,3,8,a2,b1,283.3751311
12,3,9,a2,b1,296.3070234
12,3,10,a2,b1,270.6580881
12,3,11,a2,b2,246.5991278
12,3,12,a2,b2,284.3812924
12,3,13,a2,b2,NA
12,3,14,a2,b2,NA
12,3,15,a2,b2,265.5394344
12,3,16,a2,b2,NA
12,3,17,a2,b2,284.7664155
12,3,18,a2,b2,257.4080447
12,3,19,a2,b2,255.2493881
12,3,20,a2,b2,270.5177017
12,3,21,a1,b1,227.1490625
12,3,22,a1,b1,238.62804
12,3,23,a1,b1,266.7267667
12,3,24,a1,b1,248.5420659
12,3,25,a1,b1,285.1073533
12,3,26,a1,b1,294.9804984
12,3,27,a1,b1,281.8896533
12,3,28,a1,b1,268.0104055
12,3,29,a1,b1,278.2640353
12,3,30,a1,b1,239.2487067
12,3,31,a1,b2,214.7009204
12,3,32,a1,b2,243.925856
12,3,33,a1,b2,296.8579131
12,3,34,a1,b2,271.3897661
12,3,35,a1,b2,234.1305474
12,3,36,a1,b2,238.8216001
12,3,37,a1,b2,243.3998514
12,3,38,a1,b2,266.6813584
12,3,39,a1,b2,246.8216638
12,3,40,a1,b2,291.4975543
13,4,1,a2,b2,248.2030185
13,4,2,a2,b2,247.2612273
13,4,3,a2,b2,240.6272144
13,4,4,a2,b2,231.0909159
13,4,5,a2,b2,249.58133
13,4,6,a2,b2,262.6313125
13,4,7,a2,b2,261.1566056
13,4,8,a2,b2,253.4341927
13,4,9,a2,b2,250.8831481
13,4,10,a2,b2,244.348493
13,4,11,a1,b1,270.4690727
13,4,12,a1,b1,258.8734577
13,4,13,a1,b1,253.6717033
13,4,14,a1,b1,294.1407374
13,4,15,a1,b1,266.4394504
13,4,16,a1,b1,246.9956397
13,4,17,a1,b1,200.9860517
13,4,18,a1,b1,243.6744686
13,4,19,a1,b1,237.1613009
13,4,20,a1,b1,261.3645883
13,4,21,a1,b2,240.8901946
13,4,22,a1,b2,240.6288977
13,4,23,a1,b2,229.362587
13,4,24,a1,b2,318.0775385
13,4,25,a1,b2,299.2517319
13,4,26,a1,b2,259.5207849
13,4,27,a1,b2,253.4303087
13,4,28,a1,b2,260.1022112
13,4,29,a1,b2,308.6603438
13,4,30,a1,b2,227.1953024
13,4,31,a2,b1,269.235394
13,4,32,a2,b1,245.7674083
13,4,33,a2,b1,255.7981883
13,4,34,a2,b1,248.0083907
13,4,35,a2,b1,272.7856526
13,4,36,a2,b1,250.4957899
13,4,37,a2,b1,259.2388547
13,4,38,a2,b1,241.3024596
13,4,39,a2,b1,264.4401137
13,4,40,a2,b1,276.3073351
14,2,1,a1,b2,247.7909327
14,2,2,a1,b2,221.626532
14,2,3,a1,b2,217.8284828
14,2,4,a1,b2,322.4781006
14,2,5,a1,b2,235.0154951
14,2,6,a1,b2,265.0548405
14,2,7,a1,b2,276.5560862
14,2,8,a1,b2,264.919525
14,2,9,a1,b2,213.0740263
14,2,10,a1,b2,215.2644245
14,2,11,a2,b1,237.0960926
14,2,12,a2,b1,267.5722771
14,2,13,a2,b1,255.9172912
14,2,14,a2,b1,276.8408114
14,2,15,a2,b1,267.5448832
14,2,16,a2,b1,266.8880326
14,2,17,a2,b1,237.1413294
14,2,18,a2,b1,229.524779
14,2,19,a2,b1,199.5386703
14,2,20,a2,b1,237.6495991
14,2,21,a2,b2,229.709005
14,2,22,a2,b2,237.0690104
14,2,23,a2,b2,284.9681807
14,2,24,a2,b2,287.4666053
14,2,25,a2,b2,262.6982593
14,2,26,a2,b2,248.3896139
14,2,27,a2,b2,256.9163842
14,2,28,a2,b2,261.126869
14,2,29,a2,b2,291.9169848
14,2,30,a2,b2,271.2690913
14,2,31,a1,b1,264.1539079
14,2,32,a1,b1,223.1394753
14,2,33,a1,b1,286.8217394
14,2,34,a1,b1,254.13455
14,2,35,a1,b1,279.9355416
14,2,36,a1,b1,269.0031813
14,2,37,a1,b1,259.3488046
14,2,38,a1,b1,248.3848061
14,2,39,a1,b1,286.9834365
14,2,40,a1,b1,228.3628338
15,1,1,a1,b1,247.5128927
15,1,2,a1,b1,263.3724255
15,1,3,a1,b1,256.496379
15,1,4,a1,b1,224.9186146
15,1,5,a1,b1,224.5273764
15,1,6,a1,b1,201.8106707
15,1,7,a1,b1,230.8487457
15,1,8,a1,b1,257.4042757
15,1,9,a1,b1,238.1571682
15,1,10,a1,b1,241.8765553
15,1,11,a1,b2,318.4345012
15,1,12,a1,b2,252.5372618
15,1,13,a1,b2,300.5202471
15,1,14,a1,b2,310.7701781
15,1,15,a1,b2,244.656524
15,1,16,a1,b2,284.1989495
15,1,17,a1,b2,261.0698603
15,1,18,a1,b2,288.2891841
15,1,19,a1,b2,218.0116345
15,1,20,a1,b2,300.8362679
15,1,21,a2,b1,303.7883042
15,1,22,a2,b1,259.1640831
15,1,23,a2,b1,NA
15,1,24,a2,b1,238.8609416
15,1,25,a2,b1,253.0561292
15,1,26,a2,b1,278.9546532
15,1,27,a2,b1,290.2305276
15,1,28,a2,b1,249.4200362
15,1,29,a2,b1,269.4134967
15,1,30,a2,b1,281.5559127
15,1,31,a2,b2,283.1945681
15,1,32,a2,b2,276.3041749
15,1,33,a2,b2,304.2485766
15,1,34,a2,b2,282.6279046
15,1,35,a2,b2,282.884912
15,1,36,a2,b2,264.7380138
15,1,37,a2,b2,293.1587413
15,1,38,a2,b2,262.6532076
15,1,39,a2,b2,249.2206143
15,1,40,a2,b2,291.3644647
16,1,1,a1,b1,211.5168017
16,1,2,a1,b1,225.2994859
16,1,3,a1,b1,280.1407359
16,1,4,a1,b1,235.3728232
16,1,5,a1,b1,201.7733823
16,1,6,a1,b1,226.1446922
16,1,7,a1,b1,228.1677149
16,1,8,a1,b1,241.4626352
16,1,9,a1,b1,208.4393389
16,1,10,a1,b1,206.2841423
16,1,11,a1,b2,272.0233856
16,1,12,a1,b2,265.7766219
16,1,13,a1,b2,234.50991
16,1,14,a1,b2,270.2312337
16,1,15,a1,b2,235.795723
16,1,16,a1,b2,260.7241957
16,1,17,a1,b2,225.2273439
16,1,18,a1,b2,237.7041648
16,1,19,a1,b2,168.4008938
16,1,20,a1,b2,295.7731245
16,1,21,a2,b1,210.8119309
16,1,22,a2,b1,253.0317714
16,1,23,a2,b1,236.6545248
16,1,24,a2,b1,264.1932337
16,1,25,a2,b1,272.6031733
16,1,26,a2,b1,252.7521644
16,1,27,a2,b1,243.5508367
16,1,28,a2,b1,263.3368597
16,1,29,a2,b1,249.861564
16,1,30,a2,b1,242.2411248
16,1,31,a2,b2,235.1756162
16,1,32,a2,b2,219.7318992
16,1,33,a2,b2,277.6622452
16,1,34,a2,b2,233.5629636
16,1,35,a2,b2,255.2532364
16,1,36,a2,b2,245.541865
16,1,37,a2,b2,243.9933104
16,1,38,a2,b2,245.5428138
16,1,39,a2,b2,222.0271105
16,1,40,a2,b2,286.9150381
17,4,1,a2,b2,223.3223809
17,4,2,a2,b2,276.2212686
17,4,3,a2,b2,298.6663964
17,4,4,a2,b2,245.6724868
17,4,5,a2,b2,242.0815923
17,4,6,a2,b2,NA
17,4,7,a2,b2,268.2148077
17,4,8,a2,b2,234.2152672
17,4,9,a2,b2,257.9946984
17,4,10,a2,b2,253.7148444
17,4,11,a1,b1,274.8397291
17,4,12,a1,b1,262.9794962
17,4,13,a1,b1,258.7218555
17,4,14,a1,b1,316.8027914
17,4,15,a1,b1,243.6529478
17,4,16,a1,b1,286.1059059
17,4,17,a1,b1,261.4833752
17,4,18,a1,b1,256.1115285
17,4,19,a1,b1,255.3400609
17,4,20,a1,b1,256.8771515
17,4,21,a1,b2,252.1113435
17,4,22,a1,b2,181.714757
17,4,23,a1,b2,211.231936
17,4,24,a1,b2,302.3813286
17,4,25,a1,b2,260.5763193
17,4,26,a1,b2,253.6104819
17,4,27,a1,b2,204.7324259
17,4,28,a1,b2,227.7710633
17,4,29,a1,b2,277.4913567
17,4,30,a1,b2,288.4428731
17,4,31,a2,b1,212.8216866
17,4,32,a2,b1,256.4255361
17,4,33,a2,b1,249.3543689
17,4,34,a2,b1,217.3043401
17,4,35,a2,b1,252.8705948
17,4,36,a2,b1,239.7756468
17,4,37,a2,b1,239.8802113
17,4,38,a2,b1,242.2994055
17,4,39,a2,b1,243.6549406
17,4,40,a2,b1,259.8503627
18,2,1,a1,b2,218.9025789
18,2,2,a1,b2,251.0580961
18,2,3,a1,b2,265.3670973
18,2,4,a1,b2,261.2869593
18,2,5,a1,b2,253.1771195
18,2,6,a1,b2,240.2581584
18,2,7,a1,b2,261.429142
18,2,8,a1,b2,278.8464684
18,2,9,a1,b2,271.0653481
18,2,10,a1,b2,232.9749775
18,2,11,a2,b1,217.7467314
18,2,12,a2,b1,224.0753719
18,2,13,a2,b1,213.6686345
18,2,14,a2,b1,235.39167
18,2,15,a2,b1,264.8932977
18,2,16,a2,b1,253.9061082
18,2,17,a2,b1,212.5581658
18,2,18,a2,b1,230.3520564
18,2,19,a2,b1,258.4124429
18,2,20,a2,b1,245.7439097
18,2,21,a2,b2,223.3895137
18,2,22,a2,b2,199.7522428
18,2,23,a2,b2,282.490641
18,2,24,a2,b2,252.1638171
18,2,25,a2,b2,257.973666
18,2,26,a2,b2,260.6432734
18,2,27,a2,b2,210.3179497
18,2,28,a2,b2,242.4180235
18,2,29,a2,b2,269.5866189
18,2,30,a2,b2,236.6248673
18,2,31,a1,b1,234.7995044
18,2,32,a1,b1,241.0693909
18,2,33,a1,b1,283.3852794
18,2,34,a1,b1,234.7636102
18,2,35,a1,b1,259.2473495
18,2,36,a1,b1,233.907088
18,2,37,a1,b1,265.4583054
18,2,38,a1,b1,218.2418881
18,2,39,a1,b1,262.1764176
18,2,40,a1,b1,248.0047631
19,4,1,a2,b2,262.6364186
19,4,2,a2,b2,332.7878068
19,4,3,a2,b2,317.0978408
19,4,4,a2,b2,267.1962185
19,4,5,a2,b2,308.7489618
19,4,6,a2,b2,278.5803108
19,4,7,a2,b2,295.7304876
19,4,8,a2,b2,298.8717649
19,4,9,a2,b2,315.3579431
19,4,10,a2,b2,269.1618815
19,4,11,a1,b1,261.3984928
19,4,12,a1,b1,244.7156914
19,4,13,a1,b1,273.0017045
19,4,14,a1,b1,298.4526067
19,4,15,a1,b1,277.4995589
19,4,16,a1,b1,232.8272727
19,4,17,a1,b1,246.7612871
19,4,18,a1,b1,235.0875691
19,4,19,a1,b1,222.0393455
19,4,20,a1,b1,245.5688635
19,4,21,a1,b2,284.3768289
19,4,22,a1,b2,233.3423798
19,4,23,a1,b2,306.8153055
19,4,24,a1,b2,347.443572
19,4,25,a1,b2,315.1668477
19,4,26,a1,b2,295.7067268
19,4,27,a1,b2,291.4203047
19,4,28,a1,b2,309.9431423
19,4,29,a1,b2,349.0523308
19,4,30,a1,b2,287.4386917
19,4,31,a2,b1,261.0363818
19,4,32,a2,b1,230.3380151
19,4,33,a2,b1,253.9364151
19,4,34,a2,b1,267.8965812
19,4,35,a2,b1,284.4699312
19,4,36,a2,b1,232.5876092
19,4,37,a2,b1,267.2608331
19,4,38,a2,b1,270.8190117
19,4,39,a2,b1,246.839158
19,4,40,a2,b1,296.4480197
20,2,1,a1,b2,251.5351692
20,2,2,a1,b2,269.7333279
20,2,3,a1,b2,210.1937207
20,2,4,a1,b2,251.8006022
20,2,5,a1,b2,239.2747255
20,2,6,a1,b2,252.3633981
20,2,7,a1,b2,229.7350067
20,2,8,a1,b2,276.6570523
20,2,9,a1,b2,247.7474056
20,2,10,a1,b2,211.4289813
20,2,11,a2,b1,239.4315621
20,2,12,a2,b1,246.5690271
20,2,13,a2,b1,244.1336306
20,2,14,a2,b1,266.5171813
20,2,15,a2,b1,252.1575846
20,2,16,a2,b1,237.1967764
20,2,17,a2,b1,246.2103636
20,2,18,a2,b1,248.3561175
20,2,19,a2,b1,234.8007183
20,2,20,a2,b1,249.4098561
20,2,21,a2,b2,196.1337981
20,2,22,a2,b2,264.5430074
20,2,23,a2,b2,231.2258374
20,2,24,a2,b2,277.8666725
20,2,25,a2,b2,278.7570622
20,2,26,a2,b2,264.7068503
20,2,27,a2,b2,234.4256288
20,2,28,a2,b2,231.9139701
20,2,29,a2,b2,264.4949738
20,2,30,a2,b2,248.6275951
20,2,31,a1,b1,220.2365845
20,2,32,a1,b1,223.9735038
20,2,33,a1,b1,280.1824659
20,2,34,a1,b1,206.0417543
20,2,35,a1,b1,229.0975301
20,2,36,a1,b1,215.0837731
20,2,37,a1,b1,237.5013609
20,2,38,a1,b1,235.2913797
20,2,39,a1,b1,267.6960986
20,2,40,a1,b1,253.5818412
21,1,1,a1,b1,251.6946541
21,1,2,a1,b1,286.2274923
21,1,3,a1,b1,283.1199782
21,1,4,a1,b1,264.9556309
21,1,5,a1,b1,225.9613455
21,1,6,a1,b1,226.4987486
21,1,7,a1,b1,246.06599
21,1,8,a1,b1,257.5805761
21,1,9,a1,b1,236.2902322
21,1,10,a1,b1,254.6565616
21,1,11,a1,b2,197.5958148
21,1,12,a1,b2,187.2874889
21,1,13,a1,b2,235.6440043
21,1,14,a1,b2,214.0501915
21,1,15,a1,b2,207.8996705
21,1,16,a1,b2,237.7903156
21,1,17,a1,b2,160.5432743
21,1,18,a1,b2,221.0236242
21,1,19,a1,b2,179.4513807
21,1,20,a1,b2,223.3754236
21,1,21,a2,b1,245.6291829
21,1,22,a2,b1,237.4914073
21,1,23,a2,b1,250.4980146
21,1,24,a2,b1,244.0618957
21,1,25,a2,b1,239.2610551
21,1,26,a2,b1,211.2418809
21,1,27,a2,b1,209.840359
21,1,28,a2,b1,209.7537207
21,1,29,a2,b1,190.0560056
21,1,30,a2,b1,220.4993133
21,1,31,a2,b2,158.2224354
21,1,32,a2,b2,181.3537166
21,1,33,a2,b2,174.3733927
21,1,34,a2,b2,168.736814
21,1,35,a2,b2,201.8341165
21,1,36,a2,b2,181.4631029
21,1,37,a2,b2,189.5156074
21,1,38,a2,b2,172.5414691
21,1,39,a2,b2,190.2485201
21,1,40,a2,b2,194.9577309
22,2,1,a1,b2,228.1372013
22,2,2,a1,b2,294.6939704
22,2,3,a1,b2,262.8497409
22,2,4,a1,b2,274.3515269
22,2,5,a1,b2,255.822914
22,2,6,a1,b2,269.3496241
22,2,7,a1,b2,292.1537917
22,2,8,a1,b2,286.2634666
22,2,9,a1,b2,290.3991326
22,2,10,a1,b2,230.1860967
22,2,11,a2,b1,264.8386486
22,2,12,a2,b1,298.8874405
22,2,13,a2,b1,261.0656062
22,2,14,a2,b1,270.4525784
22,2,15,a2,b1,251.6835606
22,2,16,a2,b1,313.072682
22,2,17,a2,b1,256.8565502
22,2,18,a2,b1,251.5888579
22,2,19,a2,b1,272.3812927
22,2,20,a2,b1,269.2157434
22,2,21,a2,b2,288.1691207
22,2,22,a2,b2,273.5878411
22,2,23,a2,b2,304.8797302
22,2,24,a2,b2,NA
22,2,25,a2,b2,324.1101135
22,2,26,a2,b2,NA
22,2,27,a2,b2,287.3715972
22,2,28,a2,b2,NA
22,2,29,a2,b2,325.4714213
22,2,30,a2,b2,271.9895849
22,2,31,a1,b1,227.4972711
22,2,32,a1,b1,239.9909964
22,2,33,a1,b1,307.1860486
22,2,34,a1,b1,251.9581736
22,2,35,a1,b1,234.3602024
22,2,36,a1,b1,248.8811992
22,2,37,a1,b1,268.9663234
22,2,38,a1,b1,249.4901815
22,2,39,a1,b1,243.451421
22,2,40,a1,b1,229.6842774
23,3,1,a2,b1,226.8570387
23,3,2,a2,b1,228.6408565
23,3,3,a2,b1,209.7887991
23,3,4,a2,b1,228.8404736
23,3,5,a2,b1,245.8138766
23,3,6,a2,b1,214.4596835
23,3,7,a2,b1,193.3968608
23,3,8,a2,b1,263.1433519
23,3,9,a2,b1,211.8984549
23,3,10,a2,b1,234.7014156
23,3,11,a2,b2,226.6703461
23,3,12,a2,b2,238.3372936
23,3,13,a2,b2,230.1791699
23,3,14,a2,b2,239.6884596
23,3,15,a2,b2,264.4188463
23,3,16,a2,b2,251.8361929
23,3,17,a2,b2,207.4751576
23,3,18,a2,b2,231.2284053
23,3,19,a2,b2,235.5414106
23,3,20,a2,b2,250.4279476
23,3,21,a1,b1,235.4771009
23,3,22,a1,b1,194.1579475
23,3,23,a1,b1,222.7288729
23,3,24,a1,b1,252.75707739999999
23,3,25,a1,b1,239.259469
23,3,26,a1,b1,253.5772867
23,3,27,a1,b1,265.2503925
23,3,28,a1,b1,249.3354396
23,3,29,a1,b1,235.3096906
23,3,30,a1,b1,218.892319
23,3,31,a1,b2,191.2402117
23,3,32,a1,b2,203.2417887
23,3,33,a1,b2,290.8463481
23,3,34,a1,b2,215.1560705
23,3,35,a1,b2,208.401267
23,3,36,a1,b2,211.8024419
23,3,37,a1,b2,245.9156071
23,3,38,a1,b2,210.3893065
23,3,39,a1,b2,204.8390756
23,3,40,a1,b2,208.8965989
24,2,1,a1,b2,210.7504247
24,2,2,a1,b2,256.0198884
24,2,3,a1,b2,234.6023024
24,2,4,a1,b2,262.5503947
24,2,5,a1,b2,240.060777
24,2,6,a1,b2,236.8788257
24,2,7,a1,b2,237.6134144
24,2,8,a1,b2,264.5351496
24,2,9,a1,b2,227.2136114
24,2,10,a1,b2,206.3507369
24,2,11,a2,b1,255.950504
24,2,12,a2,b1,254.9424254
24,2,13,a2,b1,251.5532932
24,2,14,a2,b1,261.9680975
24,2,15,a2,b1,270.0041228
24,2,16,a2,b1,258.9643378
24,2,17,a2,b1,239.1388817
24,2,18,a2,b1,251.6917128
24,2,19,a2,b1,229.4081002
24,2,20,a2,b1,238.1304868
24,2,21,a2,b2,207.1042193
24,2,22,a2,b2,178.6526823
24,2,23,a2,b2,252.6074966
24,2,24,a2,b2,236.5098074
24,2,25,a2,b2,260.0488989
24,2,26,a2,b2,254.0825369
24,2,27,a2,b2,258.1424185
24,2,28,a2,b2,233.0172656
24,2,29,a2,b2,238.9508724
24,2,30,a2,b2,240.2883253
24,2,31,a1,b1,296.2147975
24,2,32,a1,b1,260.7252406
24,2,33,a1,b1,311.4070444
24,2,34,a1,b1,283.7309395
24,2,35,a1,b1,252.3142522
24,2,36,a1,b1,255.4537308
24,2,37,a1,b1,289.3556435
24,2,38,a1,b1,226.5825601
24,2,39,a1,b1,284.7081247
24,2,40,a1,b1,236.232971
25,1,1,a1,b1,223.6691016
25,1,2,a1,b1,281.0397813
25,1,3,a1,b1,266.7282163
25,1,4,a1,b1,230.4867669
25,1,5,a1,b1,231.719892
25,1,6,a1,b1,238.6434846
25,1,7,a1,b1,261.2999267
25,1,8,a1,b1,259.9231958
25,1,9,a1,b1,198.2045856
25,1,10,a1,b1,215.6476849
25,1,11,a1,b2,276.4558826
25,1,12,a1,b2,280.3145351
25,1,13,a1,b2,280.1684926
25,1,14,a1,b2,277.1354298
25,1,15,a1,b2,266.6978477
25,1,16,a1,b2,267.2812643
25,1,17,a1,b2,240.791654
25,1,18,a1,b2,254.1721868
25,1,19,a1,b2,224.5776938
25,1,20,a1,b2,290.9161086
25,1,21,a2,b1,239.0275374
25,1,22,a2,b1,254.6190929
25,1,23,a2,b1,276.6032176
25,1,24,a2,b1,257.2286339
25,1,25,a2,b1,233.1512382
25,1,26,a2,b1,264.1312917
25,1,27,a2,b1,255.693513
25,1,28,a2,b1,231.6254886
25,1,29,a2,b1,277.9748957
25,1,30,a2,b1,275.9771833
25,1,31,a2,b2,251.5855088
25,1,32,a2,b2,246.2031683
25,1,33,a2,b2,271.3039883
25,1,34,a2,b2,247.0582433
25,1,35,a2,b2,256.224538
25,1,36,a2,b2,248.8984394
25,1,37,a2,b2,266.553825
25,1,38,a2,b2,263.0444035
25,1,39,a2,b2,236.964611
25,1,40,a2,b2,278.0196615
26,2,1,a1,b2,203.6699775
26,2,2,a1,b2,267.0275655
26,2,3,a1,b2,250.0182274
26,2,4,a1,b2,282.0749775
26,2,5,a1,b2,227.8922532
26,2,6,a1,b2,225.2954736
26,2,7,a1,b2,245.117446
26,2,8,a1,b2,254.9874703
26,2,9,a1,b2,212.7366075
26,2,10,a1,b2,219.3895333
26,2,11,a2,b1,207.0253651
26,2,12,a2,b1,237.6472229
26,2,13,a2,b1,180.4094887
26,2,14,a2,b1,244.537087
26,2,15,a2,b1,257.0436839
26,2,16,a2,b1,240.1314351
26,2,17,a2,b1,205.5061661
26,2,18,a2,b1,270.3364411
26,2,19,a2,b1,216.0418056
26,2,20,a2,b1,210.075794
26,2,21,a2,b2,204.6029004
26,2,22,a2,b2,217.0222615
26,2,23,a2,b2,250.8162915
26,2,24,a2,b2,262.3702701
26,2,25,a2,b2,262.3354969
26,2,26,a2,b2,271.0801366
26,2,27,a2,b2,238.7956672
26,2,28,a2,b2,287.0326822
26,2,29,a2,b2,254.1376272
26,2,30,a2,b2,257.893129
26,2,31,a1,b1,250.435065
26,2,32,a1,b1,221.9083381
26,2,33,a1,b1,292.8594552
26,2,34,a1,b1,245.0552724
26,2,35,a1,b1,226.5245567
26,2,36,a1,b1,226.9176894
26,2,37,a1,b1,258.1906538
26,2,38,a1,b1,239.2689369
26,2,39,a1,b1,242.110196
26,2,40,a1,b1,249.9333034
27,4,1,a2,b2,309.6462939
27,4,2,a2,b2,291.7798098
27,4,3,a2,b2,301.5651054
27,4,4,a2,b2,287.3098196
27,4,5,a2,b2,294.5027689
27,4,6,a2,b2,302.5771465
27,4,7,a2,b2,307.9551223
27,4,8,a2,b2,297.9387085
27,4,9,a2,b2,292.9917529
27,4,10,a2,b2,275.6534006
27,4,11,a1,b1,275.9278892
27,4,12,a1,b1,280.259971
27,4,13,a1,b1,252.9594669
27,4,14,a1,b1,289.2257004
27,4,15,a1,b1,258.2475684
27,4,16,a1,b1,299.6128626
27,4,17,a1,b1,254.5552298
27,4,18,a1,b1,218.5767624
27,4,19,a1,b1,223.8621621
27,4,20,a1,b1,269.0799543
27,4,21,a1,b2,278.1399791
27,4,22,a1,b2,271.5381009
27,4,23,a1,b2,318.9543531
27,4,24,a1,b2,364.4086499
27,4,25,a1,b2,329.5255853
27,4,26,a1,b2,258.5972361
27,4,27,a1,b2,287.5144897
27,4,28,a1,b2,291.3620376
27,4,29,a1,b2,297.0851025
27,4,30,a1,b2,301.6043501
27,4,31,a2,b1,284.0866095
27,4,32,a2,b1,264.2035739
27,4,33,a2,b1,273.8225744
27,4,34,a2,b1,264.6120579
27,4,35,a2,b1,253.1758297
27,4,36,a2,b1,272.6131401
27,4,37,a2,b1,268.1283682
27,4,38,a2,b1,283.533439
27,4,39,a2,b1,266.5773013
27,4,40,a2,b1,305.802682
28,4,1,a2,b2,236.1112177
28,4,2,a2,b2,284.9092298
28,4,3,a2,b2,283.2921106
28,4,4,a2,b2,258.6534865
28,4,5,a2,b2,269.2898758
28,4,6,a2,b2,305.2361326
28,4,7,a2,b2,273.2703809
28,4,8,a2,b2,293.0465254
28,4,9,a2,b2,287.5916901
28,4,10,a2,b2,244.4081503
28,4,11,a1,b1,203.5405352
28,4,12,a1,b1,227.9077845
28,4,13,a1,b1,220.5020591
28,4,14,a1,b1,267.802749
28,4,15,a1,b1,250.1517274
28,4,16,a1,b1,252.340082
28,4,17,a1,b1,220.7736388
28,4,18,a1,b1,218.2323275
28,4,19,a1,b1,234.9259552
28,4,20,a1,b1,245.1503014
28,4,21,a1,b2,164.2434947
28,4,22,a1,b2,205.6653809
28,4,23,a1,b2,228.6028874
28,4,24,a1,b2,282.8261104
28,4,25,a1,b2,252.6116647
28,4,26,a1,b2,222.6486434
28,4,27,a1,b2,198.9142532
28,4,28,a1,b2,225.0671435
28,4,29,a1,b2,272.5327049
28,4,30,a1,b2,224.1442656
28,4,31,a2,b1,276.7518854
28,4,32,a2,b1,259.2616789
28,4,33,a2,b1,243.7875807
28,4,34,a2,b1,267.1448534
28,4,35,a2,b1,274.2491253
28,4,36,a2,b1,258.2412576
28,4,37,a2,b1,258.3754819
28,4,38,a2,b1,202.5827026
28,4,39,a2,b1,253.0309198
28,4,40,a2,b1,237.3779279
29,1,1,a1,b1,208.2702433
29,1,2,a1,b1,239.3335692
29,1,3,a1,b1,252.8027598
29,1,4,a1,b1,253.9746282
29,1,5,a1,b1,201.6632284
29,1,6,a1,b1,201.6709308
29,1,7,a1,b1,218.7775965
29,1,8,a1,b1,286.6361025
29,1,9,a1,b1,229.1815902
29,1,10,a1,b1,243.9232318
29,1,11,a1,b2,240.359291
29,1,12,a1,b2,265.0592937
29,1,13,a1,b2,237.729212
29,1,14,a1,b2,214.4053641
29,1,15,a1,b2,209.1800646
29,1,16,a1,b2,246.4140071
29,1,17,a1,b2,228.2644888
29,1,18,a1,b2,226.042608
29,1,19,a1,b2,132.5104961
29,1,20,a1,b2,239.3776307
29,1,21,a2,b1,230.5278387
29,1,22,a2,b1,220.6005194
29,1,23,a2,b1,209.06705
29,1,24,a2,b1,217.5876126
29,1,25,a2,b1,244.0977094
29,1,26,a2,b1,235.0338093
29,1,27,a2,b1,213.894909
29,1,28,a2,b1,236.7454178
29,1,29,a2,b1,243.512072
29,1,30,a2,b1,253.0503794
29,1,31,a2,b2,230.8128264
29,1,32,a2,b2,242.2073738
29,1,33,a2,b2,229.5936247
29,1,34,a2,b2,301.4144533
29,1,35,a2,b2,242.4879172
29,1,36,a2,b2,261.6091001
29,1,37,a2,b2,261.8708008
29,1,38,a2,b2,233.0682048
29,1,39,a2,b2,235.4715001
29,1,40,a2,b2,285.1070187
30,2,1,a1,b2,225.0498747
30,2,2,a1,b2,258.9807773
30,2,3,a1,b2,248.9468673
30,2,4,a1,b2,259.4403017
30,2,5,a1,b2,214.4396436
30,2,6,a1,b2,226.3239834
30,2,7,a1,b2,222.2964452
30,2,8,a1,b2,270.7017427
30,2,9,a1,b2,250.8405192
30,2,10,a1,b2,231.6511469
30,2,11,a2,b1,247.0633466
30,2,12,a2,b1,246.720162
30,2,13,a2,b1,239.3932982
30,2,14,a2,b1,251.564782
30,2,15,a2,b1,286.1749716
30,2,16,a2,b1,236.8981357
30,2,17,a2,b1,253.7167168
30,2,18,a2,b1,228.8480217
30,2,19,a2,b1,231.9884942
30,2,20,a2,b1,215.1183633
30,2,21,a2,b2,184.4007479
30,2,22,a2,b2,172.0505326
30,2,23,a2,b2,239.4628864
30,2,24,a2,b2,250.3970021
30,2,25,a2,b2,243.4285909
30,2,26,a2,b2,213.6820157
30,2,27,a2,b2,198.9696552
30,2,28,a2,b2,217.4975905
30,2,29,a2,b2,231.1436091
30,2,30,a2,b2,204.3010186
30,2,31,a1,b1,268.0590615
30,2,32,a1,b1,227.885268
30,2,33,a1,b1,304.3325812
30,2,34,a1,b1,235.8628681
30,2,35,a1,b1,268.4366799
30,2,36,a1,b1,263.545539
30,2,37,a1,b1,269.136717
30,2,38,a1,b1,269.8601948
30,2,39,a1,b1,279.4578194
30,2,40,a1,b1,246.7950581
31,4,1,a2,b2,220.1868829
31,4,2,a2,b2,249.8874144
31,4,3,a2,b2,261.4387162
31,4,4,a2,b2,233.5113981
31,4,5,a2,b2,279.7878512
31,4,6,a2,b2,221.4910917
31,4,7,a2,b2,250.9028882
31,4,8,a2,b2,224.7752875
31,4,9,a2,b2,254.1991748
31,4,10,a2,b2,208.5367924
31,4,11,a1,b1,255.9759714
31,4,12,a1,b1,235.3618722
31,4,13,a1,b1,274.7384826
31,4,14,a1,b1,325.5123478
31,4,15,a1,b1,296.628019
31,4,16,a1,b1,267.3886922
31,4,17,a1,b1,251.405932
31,4,18,a1,b1,249.3630482
31,4,19,a1,b1,225.7910581
31,4,20,a1,b1,274.4595758
31,4,21,a1,b2,234.8377059
31,4,22,a1,b2,205.4766249
31,4,23,a1,b2,271.8063549
31,4,24,a1,b2,329.0409202
31,4,25,a1,b2,314.2670046
31,4,26,a1,b2,267.4496691
31,4,27,a1,b2,288.8802045
31,4,28,a1,b2,298.7916282
31,4,29,a1,b2,311.6908022
31,4,30,a1,b2,280.9709017
31,4,31,a2,b1,219.1397502
31,4,32,a2,b1,234.8082495
31,4,33,a2,b1,261.9907293
31,4,34,a2,b1,215.4445811
31,4,35,a2,b1,236.2592956
31,4,36,a2,b1,222.6706311
31,4,37,a2,b1,252.5864417
31,4,38,a2,b1,238.307182
31,4,39,a2,b1,271.3779164
31,4,40,a2,b1,251.720915
32,2,1,a1,b2,176.9583512
32,2,2,a1,b2,197.2846697
32,2,3,a1,b2,206.2714183
32,2,4,a1,b2,221.9706267
32,2,5,a1,b2,183.5007035
32,2,6,a1,b2,169.1156754
32,2,7,a1,b2,219.6020402
32,2,8,a1,b2,225.3757675
32,2,9,a1,b2,178.4073977
32,2,10,a1,b2,159.7276
32,2,11,a2,b1,248.0318165
32,2,12,a2,b1,240.4430894
32,2,13,a2,b1,223.0261632
32,2,14,a2,b1,287.6903089
32,2,15,a2,b1,248.9048132
32,2,16,a2,b1,262.0760184
32,2,17,a2,b1,251.1339968
32,2,18,a2,b1,222.0881151
32,2,19,a2,b1,210.5524568
32,2,20,a2,b1,265.8502968
32,2,21,a2,b2,245.0860919
32,2,22,a2,b2,231.0491614
32,2,23,a2,b2,303.525939
32,2,24,a2,b2,267.0122994
32,2,25,a2,b2,291.6362884
32,2,26,a2,b2,237.1597341
32,2,27,a2,b2,262.4086221
32,2,28,a2,b2,286.5819959
32,2,29,a2,b2,227.4311816
32,2,30,a2,b2,247.7711287
32,2,31,a1,b1,231.3560373
32,2,32,a1,b1,184.1667316
32,2,33,a1,b1,274.6600454
32,2,34,a1,b1,250.8071958
32,2,35,a1,b1,244.9816102
32,2,36,a1,b1,220.5400517
32,2,37,a1,b1,194.2517263
32,2,38,a1,b1,254.5592715
32,2,39,a1,b1,231.5520523
32,2,40,a1,b1,260.4023437
33,3,1,a2,b1,247.2600196
33,3,2,a2,b1,230.7735891
33,3,3,a2,b1,271.347499
33,3,4,a2,b1,244.7060081
33,3,5,a2,b1,244.9296988
33,3,6,a2,b1,248.2142203
33,3,7,a2,b1,268.7379192
33,3,8,a2,b1,241.572024
33,3,9,a2,b1,278.0340486
33,3,10,a2,b1,214.2096026
33,3,11,a2,b2,247.5036657
33,3,12,a2,b2,272.4535057
33,3,13,a2,b2,278.5159371
33,3,14,a2,b2,222.6721952
33,3,15,a2,b2,256.1133403
33,3,16,a2,b2,272.1629315
33,3,17,a2,b2,245.5782507
33,3,18,a2,b2,267.4865663
33,3,19,a2,b2,235.921784
33,3,20,a2,b2,273.5411085
33,3,21,a1,b1,242.079951
33,3,22,a1,b1,241.8504607
33,3,23,a1,b1,262.5775731
33,3,24,a1,b1,279.2591979
33,3,25,a1,b1,249.9330622
33,3,26,a1,b1,254.323887
33,3,27,a1,b1,289.1281601
33,3,28,a1,b1,275.8264255
33,3,29,a1,b1,306.42358
33,3,30,a1,b1,288.7089038
33,3,31,a1,b2,214.251297
33,3,32,a1,b2,295.32316960000003
33,3,33,a1,b2,263.2739961
33,3,34,a1,b2,243.4734632
33,3,35,a1,b2,244.3655224
33,3,36,a1,b2,230.9459202
33,3,37,a1,b2,250.6617841
33,3,38,a1,b2,238.5134219
33,3,39,a1,b2,231.6855568
33,3,40,a1,b2,291.3643348
34,3,1,a2,b1,266.2689413
34,3,2,a2,b1,244.8837673
34,3,3,a2,b1,240.121619
34,3,4,a2,b1,299.0119356
34,3,5,a2,b1,280.4956459
34,3,6,a2,b1,222.7719138
34,3,7,a2,b1,227.2186933
34,3,8,a2,b1,282.8184894
34,3,9,a2,b1,223.0740367
34,3,10,a2,b1,278.6487823
34,3,11,a2,b2,244.1637573
34,3,12,a2,b2,279.6147225
34,3,13,a2,b2,290.2203667
34,3,14,a2,b2,253.558207
34,3,15,a2,b2,257.8949195
34,3,16,a2,b2,300.9537474
34,3,17,a2,b2,279.3357654
34,3,18,a2,b2,285.3817397
34,3,19,a2,b2,271.8639603
34,3,20,a2,b2,329.1177763
34,3,21,a1,b1,217.9796328
34,3,22,a1,b1,232.3515115
34,3,23,a1,b1,249.4197096
34,3,24,a1,b1,269.7381433
34,3,25,a1,b1,263.2652859
34,3,26,a1,b1,273.5931837
34,3,27,a1,b1,255.0430654
34,3,28,a1,b1,257.5238421
34,3,29,a1,b1,259.6450663
34,3,30,a1,b1,276.5724602
34,3,31,a1,b2,188.1074369
34,3,32,a1,b2,262.500582
34,3,33,a1,b2,286.4448115
34,3,34,a1,b2,203.3715792
34,3,35,a1,b2,252.9471372
34,3,36,a1,b2,228.750776
34,3,37,a1,b2,232.8872008
34,3,38,a1,b2,219.4117028
34,3,39,a1,b2,223.4658397
34,3,40,a1,b2,278.3490061
35,3,1,a2,b1,252.3854233
35,3,2,a2,b1,276.7823436
35,3,3,a2,b1,208.0663774
35,3,4,a2,b1,287.967424
35,3,5,a2,b1,255.55243
35,3,6,a2,b1,237.0862651
35,3,7,a2,b1,250.664602
35,3,8,a2,b1,258.6772647
35,3,9,a2,b1,244.6341521
35,3,10,a2,b1,239.5810646
35,3,11,a2,b2,273.8389125
35,3,12,a2,b2,295.1202669
35,3,13,a2,b2,304.3717787
35,3,14,a2,b2,289.3737836
35,3,15,a2,b2,293.2052785
35,3,16,a2,b2,275.7259894
35,3,17,a2,b2,274.5049968
35,3,18,a2,b2,296.0056292
35,3,19,a2,b2,288.5534147
35,3,20,a2,b2,305.7051874
35,3,21,a1,b1,237.9493666
35,3,22,a1,b1,236.5085948
35,3,23,a1,b1,228.4240044
35,3,24,a1,b1,252.8723398
35,3,25,a1,b1,237.1938025
35,3,26,a1,b1,251.336982
35,3,27,a1,b1,280.6265042
35,3,28,a1,b1,274.4045746
35,3,29,a1,b1,281.1599581
35,3,30,a1,b1,250.370741
35,3,31,a1,b2,217.8368961
35,3,32,a1,b2,292.2568824
35,3,33,a1,b2,251.3651661
35,3,34,a1,b2,275.8586604
35,3,35,a1,b2,290.6472796
35,3,36,a1,b2,264.2461333
35,3,37,a1,b2,302.7728938
35,3,38,a1,b2,239.955515
35,3,39,a1,b2,251.8507584
35,3,40,a1,b2,300.0235967
36,2,1,a1,b2,207.3196759
36,2,2,a1,b2,307.7526478
36,2,3,a1,b2,254.389801
36,2,4,a1,b2,252.2429391
36,2,5,a1,b2,229.4471386
36,2,6,a1,b2,232.7567766
36,2,7,a1,b2,257.1616724
36,2,8,a1,b2,267.4078914
36,2,9,a1,b2,220.912461
36,2,10,a1,b2,200.0874066
36,2,11,a2,b1,213.2826225
36,2,12,a2,b1,229.9823821
36,2,13,a2,b1,267.8577988
36,2,14,a2,b1,259.1784717
36,2,15,a2,b1,221.0230248
36,2,16,a2,b1,238.3441409
36,2,17,a2,b1,178.2449313
36,2,18,a2,b1,244.4610201
36,2,19,a2,b1,210.9379027
36,2,20,a2,b1,232.6784598
36,2,21,a2,b2,242.1439764
36,2,22,a2,b2,232.345613
36,2,23,a2,b2,228.3111318
36,2,24,a2,b2,277.3207035
36,2,25,a2,b2,256.9325039
36,2,26,a2,b2,234.3043891
36,2,27,a2,b2,210.4249427
36,2,28,a2,b2,273.4719642
36,2,29,a2,b2,255.0829077
36,2,30,a2,b2,236.9134091
36,2,31,a1,b1,261.0676644
36,2,32,a1,b1,222.400454
36,2,33,a1,b1,263.3467537
36,2,34,a1,b1,240.0237184
36,2,35,a1,b1,208.2296014
36,2,36,a1,b1,231.1202437
36,2,37,a1,b1,243.3008451
36,2,38,a1,b1,263.5267323
36,2,39,a1,b1,236.7950977
36,2,40,a1,b1,256.7534338
37,1,1,a1,b1,233.5282722
37,1,2,a1,b1,214.2443136
37,1,3,a1,b1,248.1820344
37,1,4,a1,b1,229.0203213
37,1,5,a1,b1,226.1420253
37,1,6,a1,b1,203.7421991
37,1,7,a1,b1,213.2995604
37,1,8,a1,b1,279.4827854
37,1,9,a1,b1,209.2914663
37,1,10,a1,b1,248.2134955
37,1,11,a1,b2,266.1796574
37,1,12,a1,b2,256.6331205
37,1,13,a1,b2,258.0958309
37,1,14,a1,b2,297.1885082
37,1,15,a1,b2,265.6292692
37,1,16,a1,b2,297.763951
37,1,17,a1,b2,234.9616151
37,1,18,a1,b2,274.6295504
37,1,19,a1,b2,204.8550157
37,1,20,a1,b2,285.3678782
37,1,21,a2,b1,256.0073248
37,1,22,a2,b1,233.4074943
37,1,23,a2,b1,274.2707727
37,1,24,a2,b1,234.8368874
37,1,25,a2,b1,225.9215157
37,1,26,a2,b1,291.6028506
37,1,27,a2,b1,271.1860813
37,1,28,a2,b1,237.3450843
37,1,29,a2,b1,299.6999155
37,1,30,a2,b1,271.352713
37,1,31,a2,b2,229.5445504
37,1,32,a2,b2,253.8671438
37,1,33,a2,b2,245.1900494
37,1,34,a2,b2,273.4521203
37,1,35,a2,b2,231.6857567
37,1,36,a2,b2,276.9910899
37,1,37,a2,b2,292.292164
37,1,38,a2,b2,255.0766898
37,1,39,a2,b2,257.1645852
37,1,40,a2,b2,262.5797181
38,1,1,a1,b1,214.1146604
38,1,2,a1,b1,240.3625833
38,1,3,a1,b1,247.7352548
38,1,4,a1,b1,248.5070243
38,1,5,a1,b1,240.2026945
38,1,6,a1,b1,241.1488135
38,1,7,a1,b1,256.5884981
38,1,8,a1,b1,280.0377938
38,1,9,a1,b1,244.1877904
38,1,10,a1,b1,235.6041126
38,1,11,a1,b2,227.8887511
38,1,12,a1,b2,247.8666738
38,1,13,a1,b2,254.205313
38,1,14,a1,b2,249.9257664
38,1,15,a1,b2,223.4567549
38,1,16,a1,b2,236.2511883
38,1,17,a1,b2,216.9130858
38,1,18,a1,b2,238.5201902
38,1,19,a1,b2,164.5351186
38,1,20,a1,b2,277.1597643
38,1,21,a2,b1,232.4134634
38,1,22,a2,b1,242.0839666
38,1,23,a2,b1,221.3088732
38,1,24,a2,b1,229.8423874
38,1,25,a2,b1,246.7215374
38,1,26,a2,b1,255.3675583
38,1,27,a2,b1,216.4520316
38,1,28,a2,b1,203.0269893
38,1,29,a2,b1,230.6010331
38,1,30,a2,b1,262.6462995
38,1,31,a2,b2,209.2608147
38,1,32,a2,b2,192.0550253
38,1,33,a2,b2,202.9721554
38,1,34,a2,b2,254.7551371
38,1,35,a2,b2,230.7868709
38,1,36,a2,b2,204.2538446
38,1,37,a2,b2,248.2629315
38,1,38,a2,b2,234.9097093
38,1,39,a2,b2,220.7536336
38,1,40,a2,b2,257.5287718
39,4,1,a2,b2,275.4062079
39,4,2,a2,b2,254.859385
39,4,3,a2,b2,297.3510495
39,4,4,a2,b2,272.6324317
39,4,5,a2,b2,291.37374
39,4,6,a2,b2,280.0631916
39,4,7,a2,b2,250.9779939
39,4,8,a2,b2,294.2322578
39,4,9,a2,b2,279.680484
39,4,10,a2,b2,258.0003657
39,4,11,a1,b1,245.8599174
39,4,12,a1,b1,257.5496637
39,4,13,a1,b1,221.97857
39,4,14,a1,b1,275.6230965
39,4,15,a1,b1,272.4608532
39,4,16,a1,b1,264.3365078
39,4,17,a1,b1,247.2549046
39,4,18,a1,b1,247.7243296
39,4,19,a1,b1,250.204555
39,4,20,a1,b1,267.2630165
39,4,21,a1,b2,231.2118323
39,4,22,a1,b2,217.5706055
39,4,23,a1,b2,266.012484
39,4,24,a1,b2,355.5941847
39,4,25,a1,b2,328.946154
39,4,26,a1,b2,295.4694394
39,4,27,a1,b2,246.5631966
39,4,28,a1,b2,276.2905495
39,4,29,a1,b2,336.1125689
39,4,30,a1,b2,238.2340051
39,4,31,a2,b1,271.6747431
39,4,32,a2,b1,256.9870115
39,4,33,a2,b1,272.7927505
39,4,34,a2,b1,213.1855188
39,4,35,a2,b1,265.8905992
39,4,36,a2,b1,233.6910647
39,4,37,a2,b1,248.3051248
39,4,38,a2,b1,257.0727498
39,4,39,a2,b1,247.8160133
39,4,40,a2,b1,300.8397656
40,4,1,a2,b2,281.3691047
40,4,2,a2,b2,304.5638387
40,4,3,a2,b2,266.2120781
40,4,4,a2,b2,230.0371017
40,4,5,a2,b2,270.3740269
40,4,6,a2,b2,292.7836719
40,4,7,a2,b2,275.8830803
40,4,8,a2,b2,279.8639012
40,4,9,a2,b2,268.4646261
40,4,10,a2,b2,255.0211322
40,4,11,a1,b1,290.6850242
40,4,12,a1,b1,259.8877232
40,4,13,a1,b1,236.5471082
40,4,14,a1,b1,306.8084028
40,4,15,a1,b1,277.0552759
40,4,16,a1,b1,259.8044021
40,4,17,a1,b1,231.3968983
40,4,18,a1,b1,259.136154
40,4,19,a1,b1,234.427611
40,4,20,a1,b1,231.1921975
40,4,21,a1,b2,282.7698839
40,4,22,a1,b2,250.4911216
40,4,23,a1,b2,301.7182547
40,4,24,a1,b2,331.3662191
40,4,25,a1,b2,334.1081242
40,4,26,a1,b2,288.3363116
40,4,27,a1,b2,290.0896066
40,4,28,a1,b2,319.0661764
40,4,29,a1,b2,370.9589711
40,4,30,a1,b2,303.1370537
40,4,31,a2,b1,231.007344
40,4,32,a2,b1,255.3930093
40,4,33,a2,b1,249.5319969
40,4,34,a2,b1,264.7354419
40,4,35,a2,b1,255.4727647
40,4,36,a2,b1,253.8503824
40,4,37,a2,b1,279.3111199
40,4,38,a2,b1,280.8972857
40,4,39,a2,b1,246.7403888
40,4,40,a2,b1,270.3968967
41,1,1,a1,b1,206.4051752
41,1,2,a1,b1,209.6837215
41,1,3,a1,b1,246.6077518
41,1,4,a1,b1,264.3923581
41,1,5,a1,b1,208.6544254
41,1,6,a1,b1,196.3823698
41,1,7,a1,b1,179.7917849
41,1,8,a1,b1,230.9775822
41,1,9,a1,b1,224.2525698
41,1,10,a1,b1,242.2116369
41,1,11,a1,b2,239.3845902
41,1,12,a1,b2,244.9490878
41,1,13,a1,b2,271.0984509
41,1,14,a1,b2,262.4183198
41,1,15,a1,b2,234.6722254
41,1,16,a1,b2,233.3980977
41,1,17,a1,b2,249.3233817
41,1,18,a1,b2,242.9875244
41,1,19,a1,b2,198.1260984
41,1,20,a1,b2,283.7953743
41,1,21,a2,b1,224.0699386
41,1,22,a2,b1,264.1374348
41,1,23,a2,b1,266.3440607
41,1,24,a2,b1,250.1118469
41,1,25,a2,b1,225.2834093
41,1,26,a2,b1,270.7503647
41,1,27,a2,b1,286.8293779
41,1,28,a2,b1,260.094739
41,1,29,a2,b1,258.5544057
41,1,30,a2,b1,242.659632
41,1,31,a2,b2,290.4525358
41,1,32,a2,b2,265.466959
41,1,33,a2,b2,238.8769924
41,1,34,a2,b2,268.8760554
41,1,35,a2,b2,263.0653232
41,1,36,a2,b2,275.9696049
41,1,37,a2,b2,250.109481
41,1,38,a2,b2,254.8520049
41,1,39,a2,b2,278.296894
41,1,40,a2,b2,273.7029335
42,1,1,a1,b1,203.4956547
42,1,2,a1,b1,230.0986737
42,1,3,a1,b1,256.2172902
42,1,4,a1,b1,249.086529
42,1,5,a1,b1,207.8390629
42,1,6,a1,b1,217.9759623
42,1,7,a1,b1,239.2695111
42,1,8,a1,b1,266.2899138
42,1,9,a1,b1,205.0918355
42,1,10,a1,b1,264.8326766
42,1,11,a1,b2,230.2533299
42,1,12,a1,b2,208.5760423
42,1,13,a1,b2,233.6498052
42,1,14,a1,b2,251.3774867
42,1,15,a1,b2,227.3711356
42,1,16,a1,b2,215.6323616
42,1,17,a1,b2,196.7111141
42,1,18,a1,b2,221.1121563
42,1,19,a1,b2,173.8689623
42,1,20,a1,b2,254.7554872
42,1,21,a2,b1,254.714419
42,1,22,a2,b1,247.9908617
42,1,23,a2,b1,235.0087866
42,1,24,a2,b1,203.504102
42,1,25,a2,b1,260.0415758
42,1,26,a2,b1,269.7143711
42,1,27,a2,b1,239.1735173
42,1,28,a2,b1,228.6345887
42,1,29,a2,b1,201.5616673
42,1,30,a2,b1,233.8847702
42,1,31,a2,b2,241.9042085
42,1,32,a2,b2,194.5352628
42,1,33,a2,b2,215.2660123
42,1,34,a2,b2,189.5423515
42,1,35,a2,b2,228.4536992
42,1,36,a2,b2,245.8145323
42,1,37,a2,b2,222.5811751
42,1,38,a2,b2,213.9058666
42,1,39,a2,b2,221.2627621
42,1,40,a2,b2,223.3562398
43,4,1,a2,b2,238.536252
43,4,2,a2,b2,279.6858636
43,4,3,a2,b2,256.7001184
43,4,4,a2,b2,240.1473991
43,4,5,a2,b2,262.0805968
43,4,6,a2,b2,275.8185152
43,4,7,a2,b2,267.0571071
43,4,8,a2,b2,273.1708334
43,4,9,a2,b2,270.8347271
43,4,10,a2,b2,258.5158121
43,4,11,a1,b1,287.4868525
43,4,12,a1,b1,235.8584092
43,4,13,a1,b1,251.2380216
43,4,14,a1,b1,236.3107107
43,4,15,a1,b1,274.1379001
43,4,16,a1,b1,272.0162414
43,4,17,a1,b1,250.1867231
43,4,18,a1,b1,234.9522024
43,4,19,a1,b1,241.7022188
43,4,20,a1,b1,253.4780913
43,4,21,a1,b2,185.7301108
43,4,22,a1,b2,226.7573472
43,4,23,a1,b2,243.8685461
43,4,24,a1,b2,290.5874601
43,4,25,a1,b2,286.5111116
43,4,26,a1,b2,241.7297034
43,4,27,a1,b2,250.6269208
43,4,28,a1,b2,263.4955221
43,4,29,a1,b2,302.0786429
43,4,30,a1,b2,256.5796806
43,4,31,a2,b1,255.8244122
43,4,32,a2,b1,232.9414163
43,4,33,a2,b1,274.2096514
43,4,34,a2,b1,267.0219007
43,4,35,a2,b1,247.9737271
43,4,36,a2,b1,280.7721927
43,4,37,a2,b1,277.9697299
43,4,38,a2,b1,262.1253563
43,4,39,a2,b1,243.8502611
43,4,40,a2,b1,258.5731871
44,1,1,a1,b1,187.9457591
44,1,2,a1,b1,242.8909633
44,1,3,a1,b1,279.8863098
44,1,4,a1,b1,269.3103067
44,1,5,a1,b1,197.3437938
44,1,6,a1,b1,220.8742596
44,1,7,a1,b1,208.5984477
44,1,8,a1,b1,276.2938289
44,1,9,a1,b1,223.2623793
44,1,10,a1,b1,253.128969
44,1,11,a1,b2,252.4796723
44,1,12,a1,b2,288.1877001
44,1,13,a1,b2,269.3404248
44,1,14,a1,b2,272.0788294
44,1,15,a1,b2,274.7012154
44,1,16,a1,b2,272.190977
44,1,17,a1,b2,245.8732581
44,1,18,a1,b2,283.7843754
44,1,19,a1,b2,187.211168
44,1,20,a1,b2,292.3919958
44,1,21,a2,b1,273.2999801
44,1,22,a2,b1,229.7456145
44,1,23,a2,b1,228.1979556
44,1,24,a2,b1,242.2408928
44,1,25,a2,b1,247.0744151
44,1,26,a2,b1,273.9299561
44,1,27,a2,b1,284.1828539
44,1,28,a2,b1,257.2632122
44,1,29,a2,b1,277.5155186
44,1,30,a2,b1,242.0573706
44,1,31,a2,b2,254.8090648
44,1,32,a2,b2,279.2373139
44,1,33,a2,b2,252.8517992
44,1,34,a2,b2,261.4896424
44,1,35,a2,b2,238.6018441
44,1,36,a2,b2,275.3206105
44,1,37,a2,b2,271.8145451
44,1,38,a2,b2,233.0792387
44,1,39,a2,b2,250.7911703
44,1,40,a2,b2,238.5515783
45,1,1,a1,b1,231.782486
45,1,2,a1,b1,NA
45,1,3,a1,b1,NA
45,1,4,a1,b1,NA
45,1,5,a1,b1,NA
45,1,6,a1,b1,232.4745043
45,1,7,a1,b1,217.5057505
45,1,8,a1,b1,293.2196952
45,1,9,a1,b1,233.8295033
45,1,10,a1,b1,243.7702777
45,1,11,a1,b2,277.3496027
45,1,12,a1,b2,227.6558101
45,1,13,a1,b2,272.7567314
45,1,14,a1,b2,283.5449923
45,1,15,a1,b2,234.6205998
45,1,16,a1,b2,287.851169
45,1,17,a1,b2,249.4789752
45,1,18,a1,b2,263.8365313
45,1,19,a1,b2,198.5139982
45,1,20,a1,b2,259.849203
45,1,21,a2,b1,245.2867636
45,1,22,a2,b1,249.12147
45,1,23,a2,b1,255.5015915
45,1,24,a2,b1,251.6362899
45,1,25,a2,b1,218.5236243
45,1,26,a2,b1,217.143609
45,1,27,a2,b1,203.4751621
45,1,28,a2,b1,249.6390485
45,1,29,a2,b1,259.9277426
45,1,30,a2,b1,238.6441111
45,1,31,a2,b2,256.8709682
45,1,32,a2,b2,249.3688494
45,1,33,a2,b2,290.265935
45,1,34,a2,b2,263.4637929
45,1,35,a2,b2,220.7170627
45,1,36,a2,b2,299.295111
45,1,37,a2,b2,275.3690565
45,1,38,a2,b2,231.8343741
45,1,39,a2,b2,241.4901029
45,1,40,a2,b2,269.8346035
46,4,1,a2,b2,204.02681
46,4,2,a2,b2,265.0403595
46,4,3,a2,b2,221.7370526
46,4,4,a2,b2,226.6075189
46,4,5,a2,b2,210.66135
46,4,6,a2,b2,210.1254493
46,4,7,a2,b2,200.2586169
46,4,8,a2,b2,219.5785729
46,4,9,a2,b2,261.7768295
46,4,10,a2,b2,195.7583761
46,4,11,a1,b1,247.9282179
46,4,12,a1,b1,233.451613
46,4,13,a1,b1,221.4355864
46,4,14,a1,b1,286.5750869
46,4,15,a1,b1,266.1092786
46,4,16,a1,b1,220.2317431
46,4,17,a1,b1,238.6139634
46,4,18,a1,b1,247.4982553
46,4,19,a1,b1,207.3392589
46,4,20,a1,b1,233.9012913
46,4,21,a1,b2,216.0332759
46,4,22,a1,b2,212.0792584
46,4,23,a1,b2,198.9475635
46,4,24,a1,b2,272.2248718
46,4,25,a1,b2,286.7303438
46,4,26,a1,b2,213.875551
46,4,27,a1,b2,232.8842597
46,4,28,a1,b2,231.2574446
46,4,29,a1,b2,242.4225241
46,4,30,a1,b2,250.6916163
46,4,31,a2,b1,261.6803007
46,4,32,a2,b1,206.1341512
46,4,33,a2,b1,213.7979851
46,4,34,a2,b1,211.9000714
46,4,35,a2,b1,239.8627917
46,4,36,a2,b1,218.9005409
46,4,37,a2,b1,209.426944
46,4,38,a2,b1,224.8429611
46,4,39,a2,b1,237.1960952
46,4,40,a2,b1,248.4087462
47,2,1,a1,b2,198.6674596
47,2,2,a1,b2,254.4659566
47,2,3,a1,b2,224.072354
47,2,4,a1,b2,263.4288572
47,2,5,a1,b2,263.2807982
47,2,6,a1,b2,236.3252949
47,2,7,a1,b2,254.3791499
47,2,8,a1,b2,265.4301231
47,2,9,a1,b2,226.6912913
47,2,10,a1,b2,227.2996002
47,2,11,a2,b1,272.7757561
47,2,12,a2,b1,241.034877
47,2,13,a2,b1,221.0690904
47,2,14,a2,b1,241.708483
47,2,15,a2,b1,276.6834351
47,2,16,a2,b1,229.4581463
47,2,17,a2,b1,263.9439123
47,2,18,a2,b1,250.6320037
47,2,19,a2,b1,221.2447377
47,2,20,a2,b1,240.1396005
47,2,21,a2,b2,239.2157071
47,2,22,a2,b2,207.6383981
47,2,23,a2,b2,269.0701189
47,2,24,a2,b2,253.4696713
47,2,25,a2,b2,287.4492447
47,2,26,a2,b2,254.9718443
47,2,27,a2,b2,249.5800914
47,2,28,a2,b2,249.6458485
47,2,29,a2,b2,263.5108018
47,2,30,a2,b2,244.0109928
47,2,31,a1,b1,213.0666424
47,2,32,a1,b1,242.6129623
47,2,33,a1,b1,279.5440016
47,2,34,a1,b1,242.0770995
47,2,35,a1,b1,259.4451668
47,2,36,a1,b1,229.9274745
47,2,37,a1,b1,242.7762112
47,2,38,a1,b1,247.1775657
47,2,39,a1,b1,249.8779322
47,2,40,a1,b1,239.7161221
48,2,1,a1,b2,217.9102365
48,2,2,a1,b2,224.1864582
48,2,3,a1,b2,228.8058488
48,2,4,a1,b2,253.7310681
48,2,5,a1,b2,185.5747582
48,2,6,a1,b2,264.9381441
48,2,7,a1,b2,236.1696137
48,2,8,a1,b2,241.3144335
48,2,9,a1,b2,219.7478802
48,2,10,a1,b2,172.7475706
48,2,11,a2,b1,239.9551184
48,2,12,a2,b1,240.140759
48,2,13,a2,b1,247.8249669
48,2,14,a2,b1,244.9274161
48,2,15,a2,b1,259.8046297
48,2,16,a2,b1,221.785259
48,2,17,a2,b1,257.0203384
48,2,18,a2,b1,281.381631
48,2,19,a2,b1,195.0762451
48,2,20,a2,b1,243.8849532
48,2,21,a2,b2,255.009515
48,2,22,a2,b2,266.4816719
48,2,23,a2,b2,284.2650671
48,2,24,a2,b2,260.7856937
48,2,25,a2,b2,313.3924074
48,2,26,a2,b2,293.9334129
48,2,27,a2,b2,299.5670163
48,2,28,a2,b2,319.6446597
48,2,29,a2,b2,261.3921017
48,2,30,a2,b2,274.2575273
48,2,31,a1,b1,214.6637043
48,2,32,a1,b1,188.2773293
48,2,33,a1,b1,242.5708569
48,2,34,a1,b1,217.9702285
48,2,35,a1,b1,209.7949289
48,2,36,a1,b1,258.4525187
48,2,37,a1,b1,222.5799402
48,2,38,a1,b1,218.3843565
48,2,39,a1,b1,204.9927554
48,2,40,a1,b1,259.4458121
49,4,1,a2,b2,283.5830092
49,4,2,a2,b2,279.7466705
49,4,3,a2,b2,303.8118762
49,4,4,a2,b2,256.0739377
49,4,5,a2,b2,262.70598210000003
49,4,6,a2,b2,292.5336822
49,4,7,a2,b2,268.6260568
49,4,8,a2,b2,287.2671402
49,4,9,a2,b2,287.6714902
49,4,10,a2,b2,243.1814425
49,4,11,a1,b1,300.8930269
49,4,12,a1,b1,250.0316001
49,4,13,a1,b1,266.8759364
49,4,14,a1,b1,280.9193084
49,4,15,a1,b1,260.5062268
49,4,16,a1,b1,262.4587312
49,4,17,a1,b1,248.2384163
49,4,18,a1,b1,246.6128385
49,4,19,a1,b1,251.3776704
49,4,20,a1,b1,288.4053727
49,4,21,a1,b2,254.8393678
49,4,22,a1,b2,240.7108926
49,4,23,a1,b2,306.5401515
49,4,24,a1,b2,362.1399967
49,4,25,a1,b2,331.5873455
49,4,26,a1,b2,289.5412964
49,4,27,a1,b2,288.9728764
49,4,28,a1,b2,310.7124594
49,4,29,a1,b2,347.8786178
49,4,30,a1,b2,306.7764215
49,4,31,a2,b1,285.3609497
49,4,32,a2,b1,266.3800263
49,4,33,a2,b1,282.7595871
49,4,34,a2,b1,230.0069384
49,4,35,a2,b1,274.7815186
49,4,36,a2,b1,265.1009576
49,4,37,a2,b1,237.7601186
49,4,38,a2,b1,296.5665481
49,4,39,a2,b1,281.9846795
49,4,40,a2,b1,235.2010899
50,3,1,a2,b1,307.2789587
50,3,2,a2,b1,302.1916285
50,3,3,a2,b1,237.2685236
50,3,4,a2,b1,277.5436015
50,3,5,a2,b1,223.9674965
50,3,6,a2,b1,248.5598482
50,3,7,a2,b1,257.1241306
50,3,8,a2,b1,249.5517343
50,3,9,a2,b1,256.756708
50,3,10,a2,b1,266.6050998
50,3,11,a2,b2,266.4514319
50,3,12,a2,b2,269.5902612
50,3,13,a2,b2,262.77130090000003
50,3,14,a2,b2,238.5377344
50,3,15,a2,b2,286.6631936
50,3,16,a2,b2,258.4124393
50,3,17,a2,b2,283.9054539
50,3,18,a2,b2,276.7878031
50,3,19,a2,b2,264.9044365
50,3,20,a2,b2,282.5606121
50,3,21,a1,b1,237.5296455
50,3,22,a1,b1,247.9236765
50,3,23,a1,b1,245.2066341
50,3,24,a1,b1,263.1086052
50,3,25,a1,b1,277.5252338
50,3,26,a1,b1,273.6988773
50,3,27,a1,b1,258.4784931
50,3,28,a1,b1,276.450954
50,3,29,a1,b1,297.426659
50,3,30,a1,b1,258.5599145
50,3,31,a1,b2,243.7914775
50,3,32,a1,b2,299.9979379
50,3,33,a1,b2,287.541047
50,3,34,a1,b2,276.7423283
50,3,35,a1,b2,282.3337833
50,3,36,a1,b2,263.7048487
50,3,37,a1,b2,267.9777658
50,3,38,a1,b2,264.6809499
50,3,39,a1,b2,253.2119368
50,3,40,a1,b2,316.6854476
51,2,1,a1,b2,185.8759149
51,2,2,a1,b2,267.8656053
51,2,3,a1,b2,240.1141013
51,2,4,a1,b2,253.8996453
51,2,5,a1,b2,241.9392489
51,2,6,a1,b2,261.5831245
51,2,7,a1,b2,239.5844276
51,2,8,a1,b2,258.4625522
51,2,9,a1,b2,230.9679289
51,2,10,a1,b2,195.7485713
51,2,11,a2,b1,236.830891
51,2,12,a2,b1,252.5749039
51,2,13,a2,b1,191.5235461
51,2,14,a2,b1,257.5059556
51,2,15,a2,b1,257.4430263
51,2,16,a2,b1,238.9636733
51,2,17,a2,b1,266.9048624
51,2,18,a2,b1,248.762859
51,2,19,a2,b1,240.6133901
51,2,20,a2,b1,254.3063447
51,2,21,a2,b2,204.9638299
51,2,22,a2,b2,205.7707681
51,2,23,a2,b2,268.0555316
51,2,24,a2,b2,266.1302305
51,2,25,a2,b2,293.6136329
51,2,26,a2,b2,270.7736721
51,2,27,a2,b2,241.9362485
51,2,28,a2,b2,234.8187387
51,2,29,a2,b2,276.5417342
51,2,30,a2,b2,253.5476446
51,2,31,a1,b1,219.2754568
51,2,32,a1,b1,229.8058502
51,2,33,a1,b1,278.7516109
51,2,34,a1,b1,235.404105
51,2,35,a1,b1,250.9640109
51,2,36,a1,b1,224.7882308
51,2,37,a1,b1,232.5093422
51,2,38,a1,b1,246.9463437
51,2,39,a1,b1,236.7488945
51,2,40,a1,b1,249.2433018
52,4,1,a2,b2,276.0574235
52,4,2,a2,b2,285.9195813
52,4,3,a2,b2,313.3765393
52,4,4,a2,b2,267.3413932
52,4,5,a2,b2,274.6397479
52,4,6,a2,b2,295.58683
52,4,7,a2,b2,261.960324
52,4,8,a2,b2,283.207337
52,4,9,a2,b2,275.0536129
52,4,10,a2,b2,266.8162573
52,4,11,a1,b1,269.6474704
52,4,12,a1,b1,251.410664
52,4,13,a1,b1,232.3259136
52,4,14,a1,b1,277.2991235
52,4,15,a1,b1,272.6871691
52,4,16,a1,b1,255.7764299
52,4,17,a1,b1,236.2244774
52,4,18,a1,b1,248.1956748
52,4,19,a1,b1,212.4663985
52,4,20,a1,b1,242.1102043
52,4,21,a1,b2,249.6008604
52,4,22,a1,b2,227.3875261
52,4,23,a1,b2,264.1002794
52,4,24,a1,b2,342.9618925
52,4,25,a1,b2,314.6320096
52,4,26,a1,b2,266.3129431
52,4,27,a1,b2,288.2183867
52,4,28,a1,b2,268.6501028
52,4,29,a1,b2,319.5203563
52,4,30,a1,b2,289.901533
52,4,31,a2,b1,225.499042
52,4,32,a2,b1,225.934733
52,4,33,a2,b1,281.8640407
52,4,34,a2,b1,242.8191444
52,4,35,a2,b1,272.4921274
52,4,36,a2,b1,256.1626787
52,4,37,a2,b1,265.8986993
52,4,38,a2,b1,239.7324054
52,4,39,a2,b1,255.1507777
52,4,40,a2,b1,272.0346819
53,3,1,a2,b1,230.2463865
53,3,2,a2,b1,279.4298074
53,3,3,a2,b1,230.0407269
53,3,4,a2,b1,184.4730395
53,3,5,a2,b1,230.4015785
53,3,6,a2,b1,203.1509505
53,3,7,a2,b1,215.4765562
53,3,8,a2,b1,244.8590799
53,3,9,a2,b1,211.7324005
53,3,10,a2,b1,218.8510992
53,3,11,a2,b2,232.0576511
53,3,12,a2,b2,292.6011998
53,3,13,a2,b2,238.3782845
53,3,14,a2,b2,287.0572279
53,3,15,a2,b2,264.3941782
53,3,16,a2,b2,271.6952444
53,3,17,a2,b2,249.5043651
53,3,18,a2,b2,241.8749523
53,3,19,a2,b2,247.7842696
53,3,20,a2,b2,279.9160156
53,3,21,a1,b1,244.4874198
53,3,22,a1,b1,264.9203086
53,3,23,a1,b1,235.477675
53,3,24,a1,b1,255.602161
53,3,25,a1,b1,231.826196
53,3,26,a1,b1,253.6934367
53,3,27,a1,b1,262.0323698
53,3,28,a1,b1,250.2509269
53,3,29,a1,b1,288.5961875
53,3,30,a1,b1,260.3540237
53,3,31,a1,b2,194.7674311
53,3,32,a1,b2,246.0183112
53,3,33,a1,b2,255.4027831
53,3,34,a1,b2,233.2433527
53,3,35,a1,b2,208.6525236
53,3,36,a1,b2,230.9368894
53,3,37,a1,b2,248.5356846
53,3,38,a1,b2,219.6826884
53,3,39,a1,b2,236.7721224
53,3,40,a1,b2,4000
54,3,1,a2,b1,4000
54,3,2,a2,b1,247.1982285
54,3,3,a2,b1,252.8734267
54,3,4,a2,b1,253.2792995
54,3,5,a2,b1,262.5067737
54,3,6,a2,b1,203.143113
54,3,7,a2,b1,258.9837959
54,3,8,a2,b1,254.6422082
54,3,9,a2,b1,236.0376815
54,3,10,a2,b1,228.3438241
54,3,11,a2,b2,252.6212182
54,3,12,a2,b2,296.6550731
54,3,13,a2,b2,266.9716912
54,3,14,a2,b2,243.6596357
54,3,15,a2,b2,283.8839127
54,3,16,a2,b2,278.5670798
54,3,17,a2,b2,279.7658959
54,3,18,a2,b2,251.7706386
54,3,19,a2,b2,216.103649
54,3,20,a2,b2,265.3804349
54,3,21,a1,b1,253.8368523
54,3,22,a1,b1,247.5243292
54,3,23,a1,b1,227.9603506
54,3,24,a1,b1,254.1745541
54,3,25,a1,b1,246.7527535
54,3,26,a1,b1,267.2060805
54,3,27,a1,b1,265.2533178
54,3,28,a1,b1,262.4940633
54,3,29,a1,b1,280.5679032
54,3,30,a1,b1,254.015384
54,3,31,a1,b2,208.7215944
54,3,32,a1,b2,254.837845
54,3,33,a1,b2,262.9771318
54,3,34,a1,b2,232.6364958
54,3,35,a1,b2,254.6310735
54,3,36,a1,b2,237.8502771
54,3,37,a1,b2,245.4521277
54,3,38,a1,b2,245.7836151
54,3,39,a1,b2,233.271255
54,3,40,a1,b2,292.6598525
55,3,1,a2,b1,211.16374
55,3,2,a2,b1,237.3777446
55,3,3,a2,b1,244.1851875
55,3,4,a2,b1,229.1720698
55,3,5,a2,b1,182.607696
55,3,6,a2,b1,223.878283
55,3,7,a2,b1,230.3452146
55,3,8,a2,b1,257.4216511
55,3,9,a2,b1,205.3689073
55,3,10,a2,b1,228.4494461
55,3,11,a2,b2,226.2486418
55,3,12,a2,b2,260.2454811
55,3,13,a2,b2,217.0364989
55,3,14,a2,b2,258.1922638
55,3,15,a2,b2,265.5538261
55,3,16,a2,b2,235.9242231
55,3,17,a2,b2,216.6693735
55,3,18,a2,b2,4000
55,3,19,a2,b2,226.58291
55,3,20,a2,b2,238.2352394
55,3,21,a1,b1,276.5188508
55,3,22,a1,b1,232.9646847
55,3,23,a1,b1,241.3752459
55,3,24,a1,b1,291.3374817
55,3,25,a1,b1,263.3023722
55,3,26,a1,b1,289.0134391
55,3,27,a1,b1,279.3519407
55,3,28,a1,b1,265.9297001
55,3,29,a1,b1,300.8217726
55,3,30,a1,b1,241.0763297
55,3,31,a1,b2,218.2416913
55,3,32,a1,b2,264.3229992
55,3,33,a1,b2,280.1462978
55,3,34,a1,b2,274.89836
55,3,35,a1,b2,231.1550111
55,3,36,a1,b2,259.5727895
55,3,37,a1,b2,237.3399783
55,3,38,a1,b2,245.5566138
55,3,39,a1,b2,240.1048191
55,3,40,a1,b2,261.2195738
56,4,1,a2,b2,222.84966
56,4,2,a2,b2,229.7158524
56,4,3,a2,b2,260.0856935
56,4,4,a2,b2,198.9760811
56,4,5,a2,b2,258.0995604
56,4,6,a2,b2,252.6565694
56,4,7,a2,b2,223.90522
56,4,8,a2,b2,206.8550304
56,4,9,a2,b2,260.5015708
56,4,10,a2,b2,199.7317512
56,4,11,a1,b1,248.0751794
56,4,12,a1,b1,245.3760598
56,4,13,a1,b1,257.3452733
56,4,14,a1,b1,289.6409433
56,4,15,a1,b1,272.1934712
56,4,16,a1,b1,209.3213821
56,4,17,a1,b1,211.5973868
56,4,18,a1,b1,246.2837779
56,4,19,a1,b1,205.7284251
56,4,20,a1,b1,253.5519717
56,4,21,a1,b2,195.5333982
56,4,22,a1,b2,185.2950244
56,4,23,a1,b2,216.0803673
56,4,24,a1,b2,286.514525
56,4,25,a1,b2,243.7669226
56,4,26,a1,b2,254.4444141
56,4,27,a1,b2,224.18914470000001
56,4,28,a1,b2,238.0472417
56,4,29,a1,b2,257.3283525
56,4,30,a1,b2,242.3324876
56,4,31,a2,b1,210.2640592
56,4,32,a2,b1,221.5313889
56,4,33,a2,b1,192.3697711
56,4,34,a2,b1,217.3474892
56,4,35,a2,b1,227.448895
56,4,36,a2,b1,214.1414812
56,4,37,a2,b1,192.7911534
56,4,38,a2,b1,222.4851341
56,4,39,a2,b1,237.0584479
56,4,40,a2,b1,246.2915073
57,3,1,a2,b1,249.9767894
57,3,2,a2,b1,290.1314233
57,3,3,a2,b1,297.5084036
57,3,4,a2,b1,267.0950913
57,3,5,a2,b1,294.3871286
57,3,6,a2,b1,270.4097129
57,3,7,a2,b1,246.9738796
57,3,8,a2,b1,282.4672278
57,3,9,a2,b1,292.6180707
57,3,10,a2,b1,293.6537868
57,3,11,a2,b2,292.7273038
57,3,12,a2,b2,332.606722
57,3,13,a2,b2,319.9574719
57,3,14,a2,b2,271.5747682
57,3,15,a2,b2,307.0606769
57,3,16,a2,b2,305.0380327
57,3,17,a2,b2,278.642678
57,3,18,a2,b2,317.5081389
57,3,19,a2,b2,262.7331217
57,3,20,a2,b2,332.4256332
57,3,21,a1,b1,228.2293467
57,3,22,a1,b1,261.5978459
57,3,23,a1,b1,256.9293096
57,3,24,a1,b1,274.7197919
57,3,25,a1,b1,264.8806134
57,3,26,a1,b1,251.7339059
57,3,27,a1,b1,300.1305476
57,3,28,a1,b1,292.2908183
57,3,29,a1,b1,265.7203593
57,3,30,a1,b1,245.1879436
57,3,31,a1,b2,215.136631
57,3,32,a1,b2,279.4972435
57,3,33,a1,b2,297.139631
57,3,34,a1,b2,244.5745056
57,3,35,a1,b2,289.8844548
57,3,36,a1,b2,262.7494112
57,3,37,a1,b2,276.6749541
57,3,38,a1,b2,269.5429578
57,3,39,a1,b2,286.1390566
57,3,40,a1,b2,302.8540108
58,2,1,a1,b2,213.729763
58,2,2,a1,b2,254.8048068
58,2,3,a1,b2,232.2902492
58,2,4,a1,b2,229.4620902
58,2,5,a1,b2,209.8046084
58,2,6,a1,b2,249.6338819
58,2,7,a1,b2,220.7022996
58,2,8,a1,b2,249.6819437
58,2,9,a1,b2,219.3360491
58,2,10,a1,b2,217.099361
58,2,11,a2,b1,232.8301581
58,2,12,a2,b1,248.4279401
58,2,13,a2,b1,230.9458433
58,2,14,a2,b1,235.5317114
58,2,15,a2,b1,249.9080273
58,2,16,a2,b1,216.1224958
58,2,17,a2,b1,242.8578451
58,2,18,a2,b1,282.1149185
58,2,19,a2,b1,0
58,2,20,a2,b1,0
58,2,21,a2,b2,0
58,2,22,a2,b2,0
58,2,23,a2,b2,0
58,2,24,a2,b2,311.5487392
58,2,25,a2,b2,289.9777915
58,2,26,a2,b2,290.0208462
58,2,27,a2,b2,278.0756402
58,2,28,a2,b2,256.5278732
58,2,29,a2,b2,250.1332397
58,2,30,a2,b2,254.7115352
58,2,31,a1,b1,226.455743
58,2,32,a1,b1,204.2257737
58,2,33,a1,b1,259.416703
58,2,34,a1,b1,237.0191686
58,2,35,a1,b1,215.3990797
58,2,36,a1,b1,238.3547745
58,2,37,a1,b1,266.304006
58,2,38,a1,b1,231.1776008
58,2,39,a1,b1,247.107146
58,2,40,a1,b1,249.5465567
59,3,1,a2,b1,212.8641295
59,3,2,a2,b1,231.1345474
59,3,3,a2,b1,207.3393519
59,3,4,a2,b1,255.3262773
59,3,5,a2,b1,222.1789581
59,3,6,a2,b1,211.9238253
59,3,7,a2,b1,209.9609257
59,3,8,a2,b1,275.0635437
59,3,9,a2,b1,221.6624365
59,3,10,a2,b1,226.0802423
59,3,11,a2,b2,210.4298149
59,3,12,a2,b2,216.5800968
59,3,13,a2,b2,197.7843513
59,3,14,a2,b2,179.3586991
59,3,15,a2,b2,218.5552452
59,3,16,a2,b2,191.3144272
59,3,17,a2,b2,168.8967298
59,3,18,a2,b2,190.7484093
59,3,19,a2,b2,177.1294244
59,3,20,a2,b2,177.6225753
59,3,21,a1,b1,212.357931
59,3,22,a1,b1,314.8627939
59,3,23,a1,b1,251.5128308
59,3,24,a1,b1,264.6153307
59,3,25,a1,b1,253.7869138
59,3,26,a1,b1,267.6685841
59,3,27,a1,b1,304.2560759
59,3,28,a1,b1,264.8246057
59,3,29,a1,b1,288.089486
59,3,30,a1,b1,285.2655486
59,3,31,a1,b2,191.4460767
59,3,32,a1,b2,231.8926263
59,3,33,a1,b2,228.7570503
59,3,34,a1,b2,224.6580884
59,3,35,a1,b2,194.7234613
59,3,36,a1,b2,161.5994412
59,3,37,a1,b2,228.582134
59,3,38,a1,b2,168.2578076
59,3,39,a1,b2,188.9985085
59,3,40,a1,b2,262.1299046
60,3,1,a2,b1,241.209421
60,3,2,a2,b1,281.0244809
60,3,3,a2,b1,234.6385885
60,3,4,a2,b1,227.1036475
60,3,5,a2,b1,246.3742552
60,3,6,a2,b1,251.0369021
60,3,7,a2,b1,257.7754481
60,3,8,a2,b1,253.7434801
60,3,9,a2,b1,220.9820924
60,3,10,a2,b1,251.2136669
60,3,11,a2,b2,254.2279523
60,3,12,a2,b2,255.788695
60,3,13,a2,b2,273.3649263
60,3,14,a2,b2,298.0600749
60,3,15,a2,b2,283.6210396
60,3,16,a2,b2,290.9328383
60,3,17,a2,b2,293.9560874
60,3,18,a2,b2,251.970934
60,3,19,a2,b2,269.3570389
60,3,20,a2,b2,299.7217602
60,3,21,a1,b1,218.963497
60,3,22,a1,b1,239.7098047
60,3,23,a1,b1,224.0953386
60,3,24,a1,b1,249.9473303
60,3,25,a1,b1,232.7960639
60,3,26,a1,b1,224.8994906
60,3,27,a1,b1,312.0633391
60,3,28,a1,b1,288.5958189
60,3,29,a1,b1,269.4758743
60,3,30,a1,b1,253.0335041
60,3,31,a1,b2,231.8351343
60,3,32,a1,b2,237.4329546
60,3,33,a1,b2,294.6074325
60,3,34,a1,b2,227.5531879
60,3,35,a1,b2,246.5487955
60,3,36,a1,b2,209.5670112
60,3,37,a1,b2,270.0274738
60,3,38,a1,b2,243.138144
60,3,39,a1,b2,235.9109218
60,3,40,a1,b2,-200
