,subj_id,list_id,item_id,A,B,Y
1,one,4,1,A2,B2,233.5056252
2,one,4,2,A2,B2,294.6706043
3,one,4,3,A2,B2,284.6235151
4,one,4,4,A2,B2,257.9814522
5,one,4,5,A2,B2,267.9257137
6,one,4,6,A2,B2,282.1853444
7,one,4,7,A2,B2,280.5668637
8,one,4,8,A2,B2,291.0552074
9,one,4,9,A2,B2,292.4811418
10,one,4,10,A2,B2,243.3556566
11,one,4,11,A1,B1,260.9661396
12,one,4,12,A1,B1,270.67705
13,one,4,13,A1,B1,243.3545832
14,one,4,14,A1,B1,303.7539321
15,one,4,15,A1,B1,263.4989525
16,one,4,16,A1,B1,256.4163078
17,one,4,17,A1,B1,
18,one,4,18,A1,B1,263.4450419
19,one,4,19,A1,B1,268.6069566
20,one,4,20,A1,B1,256.4219065
21,one,4,21,A1,B2,267.7705196
22,one,4,22,A1,B2,234.7441564
23,one,4,23,A1,B2,260.5918247
24,one,4,24,A1,B2,
25,one,4,25,A1,B2,309.2325031
26,one,4,26,A1,B2,276.9304238
27,one,4,27,A1,B2,305.6363279
28,one,4,28,A1,B2,277.451891
29,one,4,29,A1,B2,315.0893793
30,one,4,30,A1,B2,247.0450523
31,one,4,31,A2,B1,260.4031633
32,one,4,32,A2,B1,
33,one,4,33,A2,B1,
34,one,4,34,A2,B1,237.8184573
35,one,4,35,A2,B1,250.8316074
36,one,4,36,A2,B1,259.6996592
37,one,4,37,A2,B1,224.1617814
38,one,4,38,A2,B1,278.3058207
39,one,4,39,A2,B1,227.282903
40,one,4,40,A2,B1,264.6240519
41,2,1,1,A1,B1,223.6921667
42,2,1,2,A1,B1,240.4373515
43,2,1,3,A1,B1,250.8050361
44,2,1,4,A1,B1,251.3000898
45,2,1,5,A1,B1,228.7779917
46,2,1,6,A1,B1,215.9792778
47,2,1,7,A1,B1,199.1269142
48,2,1,8,A1,B1,262.1870244
49,2,1,9,A1,B1,220.249426
50,2,1,10,A1,B1,228.9012257
51,2,1,11,A1,B2,284.2279162
52,2,1,12,A1,B2,255.3271096
53,2,1,13,A1,B2,255.9850085
54,2,1,14,A1,B2,315.8959654
55,2,1,15,A1,B2,270.3953607
56,2,1,16,A1,B2,290.7379685
57,2,1,17,A1,B2,254.2325213
58,2,1,18,A1,B2,302.865317
59,2,1,19,A1,B2,248.2004474
60,2,1,20,A1,B2,305.7447777
61,2,1,21,A2,B1,254.5347762
62,2,1,22,A2,B1,247.9159478
63,2,1,23,A2,B1,258.2762093
64,2,1,24,A2,B1,269.8792151
65,2,1,25,A2,B1,254.3673486
66,2,1,26,A2,B1,233.8992085
67,2,1,27,A2,B1,258.6735797
68,2,1,28,A2,B1,270.7982829
69,2,1,29,A2,B1,257.035271
70,2,1,30,A2,B1,252.9498272
71,2,1,31,A2,B2,283.5686859
72,2,1,32,A2,B2,281.4279592
73,2,1,33,A2,B2,280.0569123
74,2,1,34,A2,B2,248.0358753
75,2,1,35,A2,B2,268.6168241
76,2,1,36,A2,B2,277.0455696
77,2,1,37,A2,B2,303.8529945
78,2,1,38,A2,B2,259.885588
79,2,1,39,A2,B2,277.1535164
80,2,1,40,A2,B2,305.1098199
81,3,1,1,A1,B1,234.4288397
82,3,1,2,A1,B1,223.8384396
83,3,1,3,A1,B1,297.279149
84,3,1,4,A1,B1,277.1674097
85,3,1,5,A1,B1,237.9297756
86,3,1,6,A1,B1,227.6300989
87,3,1,7,A1,B1,258.3220585
88,3,1,8,A1,B1,304.25575
89,3,1,9,A1,B1,205.1048551
90,3,1,10,A1,B1,245.4599898
91,3,1,11,A1,B2,262.9141983
92,3,1,12,A1,B2,266.7769263
93,3,1,13,A1,B2,281.8025378
94,3,1,14,A1,B2,300.1462757
95,3,1,15,A1,B2,221.2193748
96,3,1,16,A1,B2,257.6985078
97,3,1,17,A1,B2,249.5793501
98,3,1,18,A1,B2,277.3032077
99,3,1,19,A1,B2,193.2248322
100,3,1,20,A1,B2,317.1284421
101,3,1,21,A2,B1,255.2754746
102,3,1,22,A2,B1,256.1040439
103,3,1,23,A2,B1,263.3777936
104,3,1,24,a1,B1,271.6009062
105,3,1,25,A2,B1,227.0202742
106,3,1,26,A2,B1,294.2461318
107,3,1,27,A2,B1,242.1963193
108,3,1,28,A2,B1,252.5087726
109,3,1,29,A2,B1,249.3080833
110,3,1,30,A2,B1,245.1243768
111,3,1,31,A2,B2,233.1949898
112,3,1,32,A2,B2,262.4134082
113,3,1,33,A2,B2,266.9618759
114,3,1,34,A2,B2,254.0352487
115,3,1,35,A2,B2,214.9511279
116,3,1,36,A2,B2,200.8024579
117,3,1,37,A2,B2,258.9122623
118,3,1,38,A2,B2,210.1102554
119,3,1,39,A2,B2,241.7476911
120,3,1,40,A2,B2,262.9710444
121,4,4,1,A2,B2,222.0868001
122,4,4,2,A2,B2,241.8484382
123,4,4,3,A2,B2,250.8995565
124,4,4,4,A2,B2,199.8326078
125,4,4,5,A2,B2,228.6327224
126,4,4,6,A2,B2,223.0089074
127,4,4,7,A2,B2,220.1140688
128,4,4,8,A2,B2,240.7246502
129,4,4,9,A2,B2,264.39109
130,4,4,10,A2,B2,206.6308084
131,4,4,11,A1,B1,280.4977126
132,4,4,12,A1,B1,265.4321496
133,4,4,13,A1,B1,275.0317246
134,4,4,14,A1,B1,276.9421093
135,4,4,15,A1,B1,278.3939088
136,4,4,16,A1,B1,265.4402249
137,4,4,17,A1,B1,294.6629421
138,4,4,18,A1,B1,274.028663
139,4,4,19,A1,B1,257.9384573
140,4,4,20,A1,B1,283.4274131
141,4,4,21,A1,B2,238.336511
142,4,4,22,A1,B2,216.9542438
143,4,4,23,A1,B2,252.6996632
144,4,4,24,A1,B2,315.4338261
145,4,4,25,A1,B2,305.8170269
146,4,4,26,A1,B2,233.2041015
147,4,4,27,A1,B2,
148,4,4,28,A1,B2,274.0152233
149,4,4,29,A1,B2,287.739981
150,4,4,30,A1,B2,270.5977198
151,4,4,31,A2,B1,267.082559
152,4,4,32,A2,B1,271.044963
153,4,4,33,A2,B1,273.3010419
154,4,4,34,A2,B1,210.7169755
155,4,4,35,A2,B1,238.9179619
156,4,4,36,A2,B1,273.8033362
157,4,4,37,A2,B1,245.990598
158,4,4,38,A2,B1,248.6676082
159,4,4,39,A2,B1,267.5714121
160,4,4,40,A2,B1,250.6287622
161,5,3,1,A2,B1,261.7101802
162,5,3,2,A2,B1,258.6921974
163,5,3,3,A2,B1,223.5346586
164,5,3,4,A2,B1,249.8613311
165,5,3,5,A2,B1,249.7497421
166,5,3,6,A2,B1,188.9312489
167,5,3,7,A2,B1,231.8348444
168,5,3,8,A2,B1,287.9134769
169,5,3,9,A2,B1,252.0111059
170,5,3,10,A2,B1,228.0645324
171,5,3,11,A2,B2,258.10169
172,5,3,12,A2,B2,298.7195643
173,5,3,13,A2,B2,295.3126689
174,5,3,14,A2,B2,260.777878
175,5,3,15,A2,B2,276.1090053
176,5,3,16,A2,B2,245.099544
177,5,3,17,A2,B2,268.2846865
178,5,3,18,A2,B2,306.1730005
179,5,3,19,A2,B2,254.7925381
180,5,3,20,A2,B2,309.4710868
181,5,3,21,A1,B1,208.5975644
182,5,3,22,A1,B1,247.5901348
183,5,3,23,A1,B1,258.7378786
184,5,3,24,A1,B1,280.3179885
185,5,3,25,A1,B1,233.0255314
186,5,3,26,A1,B1,237.746984
187,5,3,27,A1,B1,261.1080895
188,5,3,28,A1,B1,256.7739917
189,5,3,29,A1,B1,277.7369665
190,5,3,30,A1,B1,259.8841913
191,5,3,31,A1,B2,226.2301829
192,5,3,32,A1,B2,263.1967138
193,5,3,33,A1,B2,273.2220679
194,5,3,34,A1,B2,220.9787676
195,5,3,35,A1,B2,258.8634274
196,5,3,36,A1,B2,240.5779853
197,5,3,37,A1,B2,263.7451194
198,5,3,38,A1,B2,258.1617066
199,5,3,39,A1,B2,245.469062
200,5,3,40,A1,B2,318.4167007
201,6,3,1,A2,B1,
202,6,3,2,A2,B1,
203,6,3,3,A2,B1,239.7363094
204,6,3,4,A2,B1,211.2556433
205,6,3,5,A2,B1,232.5139568
206,6,3,6,A2,B1,234.1093961
207,6,3,7,A2,B1,226.0223399
208,6,3,8,A2,B1,207.4378016
209,6,3,9,A2,B1,232.2298483
210,6,3,10,A2,B1,216.6843791
211,6,3,11,A2,B2,263.8972274
212,6,3,12,A2,B2,258.939495
213,6,3,13,A2,B2,291.6150224
214,6,3,14,A2,B2,276.7238315
215,6,3,15,A2,B2,254.9567585
216,6,3,16,A2,B2,268.9645176
217,6,3,17,A2,B2,296.249253
218,6,3,18,A2,B2,278.1591472
219,6,3,19,A2,B2,264.4314109
220,6,3,20,A2,B2,290.6581182
221,6,3,21,A1,B1,243.4829373
222,6,3,22,A1,B1,222.7236112
223,6,3,23,A1,B1,239.4436137
224,6,3,24,A1,B1,259.1395655
225,6,3,25,A1,B1,247.1761232
226,6,3,26,A1,B1,260.7380492
227,6,3,27,A1,B1,277.829083
228,6,3,28,A1,B1,286.3325093
229,6,3,29,A1,B1,263.8894678
230,6,3,30,A1,B1,244.7222185
231,6,3,31,A1,B2,248.9910891
232,6,3,32,A1,B2,251.7526415
233,6,3,33,A1,B2,261.7102324
234,6,3,34,A1,B2,257.9781305
235,6,3,35,A1,B2,239.7767683
236,6,3,36,A1,B2,198.0204026
237,6,3,37,A1,B2,258.7878833
238,6,3,38,A1,B2,254.9392108
239,6,3,39,A1,B2,212.2549895
240,6,3,40,A1,B2,271.239672
241,7,1,1,A1,B1,220.3443525
242,7,1,2,A1,B1,210.1352853
243,7,1,3,A1,B1,225.5200956
244,7,1,4,A1,B1,232.1271644
245,7,1,5,A1,B1,225.3410438
246,7,1,6,A1,B1,201.212813
247,7,1,7,A1,B1,226.2017543
248,7,1,8,a1,B1,287.2834802
249,7,1,9,A1,B1,180.1626054
250,7,1,10,A1,B1,240.3749545
251,7,1,11,A1,B2,250.413578
252,7,1,12,A1,B2,243.2860089
253,7,1,13,A1,B2,260.3228046
254,7,1,14,A1,B2,263.7024089
255,7,1,15,A1,B2,232.1888691
256,7,1,16,A1,B2,251.9923544
257,7,1,17,A1,B2,223.4124756
258,7,1,18,A1,B2,236.1245036
259,7,1,19,A1,B2,218.3492322
260,7,1,20,A1,B2,
261,7,1,21,A2,B1,
262,7,1,22,A2,B1,
263,7,1,23,A2,B1,
264,7,1,24,A2,B1,
265,7,1,25,A2,B1,
266,7,1,26,A2,B1,
267,7,1,27,A2,B1,
268,7,1,28,A2,B1,
269,7,1,29,A2,B1,
270,7,1,30,A2,B1,
271,7,1,31,A2,B2,
272,7,1,32,A2,B2,
273,7,1,33,A2,B2,
274,7,1,34,A2,B2,
275,7,1,35,A2,B2,
276,7,1,36,A2,B2,
277,7,1,37,A2,B2,
278,7,1,38,A2,B2,
279,7,1,39,A2,B2,
280,7,1,40,A2,B2,
281,8,3,1,A2,B1,214.1131618
282,8,3,2,A2,B1,190.3506999
283,8,3,3,A2,B1,195.8563799
284,8,3,4,A2,B1,236.9157099
285,8,3,5,A2,B1,213.5166733
286,8,3,6,A2,B1,223.6204469
287,8,3,7,A2,B1,257.2760556
288,8,3,8,A2,B1,242.5244784
289,8,3,9,A2,B1,208.243906
290,8,3,10,A2,B1,231.8399062
291,8,3,11,A2,B2,220.2139124
292,8,3,12,A2,B2,261.2980313
293,8,3,13,A2,B2,207.7510111
294,8,3,14,A2,B2,221.4741848
295,8,3,15,A2,B2,251.4117251
296,8,3,16,A2,B2,225.1880712
297,8,3,17,A2,B2,250.8681583
298,8,3,18,A2,B2,265.1770353
299,8,3,19,A2,B2,177.312204
300,8,3,20,A2,B2,240.7122157
301,8,3,21,A1,B1,212.9978664
302,8,3,22,A1,B1,252.5210293
303,8,3,23,A1,B1,224.3707261
304,8,3,24,A1,B1,278.4847732
305,8,3,25,A1,B1,234.2985852
306,8,3,26,A1,B1,232.8038122
307,8,3,27,A1,B1,285.4571657
308,8,3,28,A1,B1,253.4420075
309,8,3,29,A1,B1,279.9113885
310,8,3,30,A1,B1,276.2848786
311,8,3,31,A1,B2,182.1052657
312,8,3,32,A1,B2,260.2887463
313,8,3,33,A1,B2,263.0964116
314,8,3,34,A1,B2,256.1283707
315,8,3,35,A1,B2,252.5268469
316,8,3,36,A1,B2,243.3080765
317,8,3,37,A1,B2,251.8304239
318,8,3,38,A1,B2,240.5322488
319,8,3,39,A1,B2,250.4684477
320,8,3,40,A1,B2,242.8993359
321,9,1,1,A1,B1,209.4776006
322,9,1,2,A1,B1,228.7751436
323,9,1,3,A1,B1,245.7107038
324,9,1,4,A1,B1,257.722696
325,9,1,5,A1,B1,229.6834912
326,9,1,6,A1,B1,205.7911238
327,9,1,7,A1,B1,185.199123
328,9,1,8,A1,B1,266.6052591
329,9,1,9,A1,B1,197.5121288
330,9,1,10,A1,B1,251.8417909
331,9,1,11,A1,B2,282.0351926
332,9,1,12,A1,B2,278.2773279
333,9,1,13,A1,B2,265.5833889
334,9,1,14,A1,B2,282.9841829
335,9,1,15,A1,B2,219.3148218
336,9,1,16,A1,B2,
337,9,1,17,A1,B2,215.1539012
338,9,1,18,A1,B2,260.6488221
339,9,1,19,A1,B2,214.8368839
340,9,1,20,A1,B2,259.2491221
341,9,1,21,A2,B1,266.1736723
342,9,1,22,A2,B1,243.0583713
343,9,1,23,A2,B1,
344,9,1,24,A2,B1,227.0220549
345,9,1,25,A2,B1,252.8844833
346,9,1,26,A2,B1,272.4578935
347,9,1,27,A2,B1,261.4997163
348,9,1,28,A2,B1,231.441603
349,9,1,29,A2,B1,231.9086666
350,9,1,30,A2,B1,249.0834956
351,9,1,31,A2,B2,256.7448937
352,9,1,32,A2,B2,223.0146207
353,9,1,33,A2,B2,285.0081875
354,9,1,34,A2,B2,256.4889935
355,9,1,35,A2,B2,266.286569
356,9,1,36,A2,B2,243.7759642
357,9,1,37,A2,B2,284.0071098
358,9,1,38,A2,B2,261.5605723
359,9,1,39,A2,B2,235.425942
360,9,1,40,A2,B2,248.4057436
361,10,2,1,A1,B2,245.6055537
362,10,2,2,A1,B2,314.1709422
363,10,2,3,A1,B2,262.2464263
364,10,2,4,A1,B2,295.7714699
365,10,2,5,A1,B2,270.8529343
366,10,2,6,A1,B2,273.1960815
367,10,2,7,A1,B2,291.0067921
368,10,2,8,A1,B2,300.3318369
369,10,2,9,A1,B2,217.3259192
370,10,2,10,A1,B2,231.6584931
371,10,2,11,A2,B1,276.6482431
372,10,2,12,A2,B1,245.7423919
373,10,2,13,A2,B1,242.4519662
374,10,2,14,A2,B1,269.9625001
375,10,2,15,A2,B1,280.2726588
376,10,2,16,A2,B1,262.2189299
377,10,2,17,A2,B1,261.1263394
378,10,2,18,A2,B1,251.756657
379,10,2,19,A2,B1,259.2219726
380,10,2,20,A2,B1,231.5222148
381,10,2,21,A2,B2,260.7597104
382,10,2,22,A2,B2,235.3312544
383,10,2,23,a1,b2,278.7065189
384,10,2,24,A2,B2,290.5643381
385,10,2,25,A2,B2,306.7727316
386,10,2,26,A2,B2,296.1173425
387,10,2,27,A2,B2,273.9222423
388,10,2,28,A2,B2,298.6644762
389,10,2,29,A2,B2,291.608229
390,10,2,30,A2,B2,244.1939703
391,10,2,31,A1,B1,239.6423342
392,10,2,32,A1,B1,203.0654763
393,10,2,33,A1,B1,293.7357941
394,10,2,34,A1,B1,218.5288075
395,10,2,35,A1,B1,
396,10,2,36,A1,B1,
397,10,2,37,A1,B1,
398,10,2,38,A1,B1,228.8330726
399,10,2,39,A1,B1,253.6733517
400,10,2,40,A1,B1,228.7839613
401,11,2,1,A1,B2,254.4655652
402,11,2,2,A1,B2,295.3029981
403,11,2,3,A1,B2,266.1300148
404,11,2,4,A1,B2,280.1406315
405,11,2,5,A1,B2,228.0824732
406,11,2,6,A1,B2,229.5695295
407,11,2,7,A1,B2,272.6715802
408,11,2,8,A1,B2,280.3221416
409,11,2,9,A1,B2,255.98318
410,11,2,10,A1,B2,185.2810893
411,11,2,11,A2,B1,256.869868
412,11,2,12,A2,B1,277.8156089
413,11,2,13,A2,B1,272.4659782
414,11,2,14,A2,B1,240.0520149
415,11,2,15,A2,B1,269.7048878
416,11,2,16,A2,B1,237.5593702
417,11,2,17,A2,B1,250.3189814
418,11,2,18,A2,B1,295.6018744
419,11,2,19,A2,B1,209.4460446
420,11,2,20,A2,B1,238.8808754
421,11,2,21,A2,B2,297.0645154
422,11,2,22,A2,B2,282.8381871
423,11,2,23,A2,B2,263.2079811
424,11,2,24,A2,B2,280.5073183
425,11,2,25,a2,B2,313.4348924
426,11,2,26,A2,B2,315.9680952
427,11,2,27,A2,B2,266.4516353
428,11,2,28,A2,b2,298.3983396
429,11,2,29,A2,B2,308.2826582
430,11,2,30,A2,B2,286.2214806
431,11,2,31,A1,B1,197.6611601
432,11,2,32,A1,B1,222.4397203
433,11,2,33,A1,B1,269.0210708
434,11,2,34,A1,B1,219.5675511
435,11,2,35,A1,B1,198.4806079
436,11,2,36,A1,B1,200.2121798
437,11,2,37,A1,B1,260.4169429
438,11,2,38,A1,B1,195.9674222
439,11,2,39,A1,B1,195.4103412
440,11,2,40,A1,B1,226.7595765
441,12,3,1,A2,B1,221.1748242
442,12,3,2,A2,B1,262.4047156
443,12,3,3,A2,B1,264.5744876
444,12,3,4,A2,B1,239.9097983
445,12,3,5,A2,B1,251.4306988
446,12,3,6,A2,B1,266.0405166
447,12,3,7,A2,B1,240.2260707
448,12,3,8,A2,B1,283.3751311
449,12,3,9,A2,B1,296.3070234
450,12,3,10,A2,B1,270.6580881
451,12,3,11,A2,B2,246.5991278
452,12,3,12,A2,B2,284.3812924
453,12,3,13,A2,B2,
454,12,3,14,A2,B2,
455,12,3,15,A2,B2,265.5394344
456,12,3,16,A2,B2,
457,12,3,17,A2,B2,284.7664155
458,12,3,18,A2,B2,257.4080447
459,12,3,19,A2,B2,255.2493881
460,12,3,20,A2,B2,270.5177017
461,12,3,21,A1,B1,227.1490625
462,12,3,22,A1,B1,238.62804
463,12,3,23,A1,B1,266.7267667
464,12,3,24,A1,B1,248.5420659
465,12,3,25,A1,B1,285.1073533
466,12,3,26,A1,B1,294.9804984
467,12,3,27,A1,B1,281.8896533
468,12,3,28,A1,B1,268.0104055
469,12,3,29,A1,B1,278.2640353
470,12,3,30,A1,B1,239.2487067
471,12,3,31,A1,B2,214.7009204
472,12,3,32,A1,B2,243.925856
473,12,3,33,A1,B2,296.8579131
474,12,3,34,A1,B2,271.3897661
475,12,3,35,A1,B2,234.1305474
476,12,3,36,A1,B2,238.8216001
477,12,3,37,A1,B2,243.3998514
478,12,3,38,A1,B2,266.6813584
479,12,3,39,A1,B2,246.8216638
480,12,3,40,A1,B2,291.4975543
481,13,4,1,A2,B2,248.2030185
482,13,4,2,A2,B2,247.2612273
483,13,4,3,A2,B2,240.6272144
484,13,4,4,A2,BB2,231.0909159
485,13,4,5,A2,B2,249.58133
486,13,4,6,A2,B2,262.6313125
487,13,4,7,A2,B2,261.1566056
488,13,4,8,A2,B2,253.4341927
489,13,4,9,A2,B2,250.8831481
490,13,4,10,A2,B2,244.348493
491,13,4,11,A1,B1,270.4690727
492,13,4,12,A1,B1,258.8734577
493,13,4,13,A1,B1,253.6717033
494,13,4,14,A1,B1,294.1407374
495,13,4,15,A1,B1,266.4394504
496,13,4,16,A1,B1,246.9956397
497,13,4,17,A1,B1,200.9860517
498,13,4,18,A1,B1,243.6744686
499,13,4,19,A1,B1,237.1613009
500,13,4,20,A1,B1,261.3645883
501,13,4,21,A1,B2,240.8901946
502,13,4,22,A1,B2,240.6288977
503,13,4,23,A1,B2,229.362587
504,13,4,24,A1,B2,318.0775385
505,13,4,25,A1,B2,299.2517319
506,13,4,26,A1,B2,259.5207849
507,13,4,27,A1,B2,253.4303087
508,13,4,28,A1,B2,260.1022112
509,13,4,29,A1,B2,308.6603438
510,13,4,30,A1,B2,227.1953024
511,13,4,31,A2,B1,269.235394
512,13,4,32,A2,B1,245.7674083
513,13,4,33,A2,B1,255.7981883
514,13,4,34,A2,B1,248.0083907
515,13,4,35,A2,B1,272.7856526
516,13,4,36,A2,B1,250.4957899
517,13,4,37,A2,B1,259.2388547
518,13,4,38,A2,B1,241.3024596
519,13,4,39,A2,B1,264.4401137
520,13,4,40,A2,B1,276.3073351
521,14,2,1,A1,B2,247.7909327
522,14,2,2,A1,B2,221.626532
523,14,2,3,A1,B2,217.8284828
524,14,2,4,A1,B2,322.4781006
525,14,2,5,A1,B2,235.0154951
526,14,2,6,A1,B2,265.0548405
527,14,2,7,A1,B2,276.5560862
528,14,2,8,A1,B2,264.919525
529,14,2,9,A1,B2,213.0740263
530,14,2,10,A1,B2,215.2644245
531,14,2,11,A2,B1,237.0960926
532,14,2,12,A2,B1,267.5722771
533,14,2,13,A2,B1,255.9172912
534,14,2,14,A2,B1,276.8408114
535,14,2,15,A2,B1,267.5448832
536,14,2,16,A2,B1,266.8880326
537,14,2,17,A2,B1,237.1413294
538,14,2,18,A2,B1,229.524779
539,14,2,19,A2,B1,199.5386703
540,14,2,20,A2,B1,237.6495991
541,14,2,21,A2,B2,229.709005
542,14,2,22,A2,B2,237.0690104
543,14,2,23,A2,B2,284.9681807
544,14,2,24,A2,B2,287.4666053
545,14,2,25,A2,B2,262.6982593
546,14,2,26,A2,B2,248.3896139
547,14,2,27,A2,B2,256.9163842
548,14,2,28,A2,B2,261.126869
549,14,2,29,A2,B2,291.9169848
550,14,2,30,A2,B2,271.2690913
551,14,2,31,A1,B1,264.1539079
552,14,2,32,A1,B1,223.1394753
553,14,2,33,A1,B1,286.8217394
554,14,2,34,A1,B1,254.13455
555,14,2,35,A1,B1,279.9355416
556,14,2,36,A1,B1,269.0031813
557,14,2,37,A1,B1,259.3488046
558,14,2,38,A1,B1,248.3848061
559,14,2,39,A1,B1,286.9834365
560,14,2,40,A1,B1,228.3628338
561,15,1,1,A1,B1,247.5128927
562,15,1,2,A1,B1,263.3724255
563,15,1,3,A1,B1,256.496379
564,15,1,4,A1,BB1,224.9186146
565,15,1,5,A1,B1,224.5273764
566,15,1,6,A1,B1,201.8106707
567,15,1,7,A1,B1,230.8487457
568,15,1,8,A1,B1,257.4042757
569,15,1,9,A1,B1,238.1571682
570,15,1,10,A1,B1,241.8765553
571,15,1,11,A1,B2,318.4345012
572,15,1,12,A1,B2,252.5372618
573,15,1,13,A1,B2,300.5202471
574,15,1,14,A1,B2,310.7701781
575,15,1,15,A1,B2,244.656524
576,15,1,16,A1,B2,284.1989495
577,15,1,17,A1,B2,261.0698603
578,15,1,18,A1,B2,288.2891841
579,15,1,19,A1,B2,218.0116345
580,15,1,20,A1,B2,300.8362679
581,15,1,21,A2,B1,303.7883042
582,15,1,22,A2,B1,259.1640831
583,15,1,23,A2,B1,
584,15,1,24,A2,B1,238.8609416
585,15,1,25,A2,B1,253.0561292
586,15,1,26,A2,B1,278.9546532
587,15,1,27,A2,B1,290.2305276
588,15,1,28,A2,B1,249.4200362
589,15,1,29,A2,B1,269.4134967
590,15,1,30,A2,B1,281.5559127
591,15,1,31,A2,B2,283.1945681
592,15,1,32,A2,B2,276.3041749
593,15,1,33,A2,B2,304.2485766
594,15,1,34,A2,B2,282.6279046
595,15,1,35,A2,B2,282.884912
596,15,1,36,A2,B2,264.7380138
597,15,1,37,A2,B2,293.1587413
598,15,1,38,A2,B2,262.6532076
599,15,1,39,A2,B2,249.2206143
600,15,1,40,A2,B2,291.3644647
601,16,1,1,A1,B1,211.5168017
602,16,1,2,A1,B1,225.2994859
603,16,1,3,A1,B1,280.1407359
604,16,1,4,A1,B1,235.3728232
605,16,1,5,A1,B1,201.7733823
606,16,1,6,A1,B1,226.1446922
607,16,1,7,A1,B1,228.1677149
608,16,1,8,A1,B1,241.4626352
609,16,1,9,A1,B1,208.4393389
610,16,1,10,A1,B1,206.2841423
611,16,1,11,A1,B2,272.0233856
612,16,1,12,A1,B2,265.7766219
613,16,1,13,A1,B2,234.50991
614,16,1,14,A1,B2,270.2312337
615,16,1,15,A1,B2,235.795723
616,16,1,16,A1,B2,260.7241957
617,16,1,17,A1,B2,225.2273439
618,16,1,18,A1,B2,237.7041648
619,16,1,19,A1,B2,168.4008938
620,16,1,20,A1,B2,295.7731245
621,16,1,21,A2,B1,210.8119309
622,16,1,22,A2,B1,253.0317714
623,16,1,23,A2,B1,236.6545248
624,16,1,24,A2,B1,264.1932337
625,16,1,25,A2,B1,272.6031733
626,16,1,26,A2,B1,252.7521644
627,16,1,27,A2,B1,243.5508367
628,16,1,28,A2,B1,263.3368597
629,16,1,29,A2,B1,249.861564
630,16,1,30,A2,B1,242.2411248
631,16,1,31,A2,B2,235.1756162
632,16,1,32,A2,B2,219.7318992
633,16,1,33,A2,B2,277.6622452
634,16,1,34,A2,B2,233.5629636
635,16,1,35,A2,B2,255.2532364
636,16,1,36,A2,B2,245.541865
637,16,1,37,A2,B2,243.9933104
638,16,1,38,A2,B2,245.5428138
639,16,1,39,A2,B2,222.0271105
640,16,1,40,A2,B2,286.9150381
641,17,4,1,A2,B2,223.3223809
642,17,4,2,A2,B2,276.2212686
643,17,4,3,A2,B2,298.6663964
644,17,4,4,A2,B2,245.6724868
645,17,4,5,A2,B2,242.0815923
646,17,4,6,A2,B2,
647,17,4,7,A2,B2,268.2148077
648,17,4,8,A2,B2,234.2152672
649,17,4,9,A2,B2,257.9946984
650,17,4,10,A2,B2,253.7148444
651,17,4,11,A1,B1,274.8397291
652,17,4,12,A1,B1,262.9794962
653,17,4,13,A1,B1,258.7218555
654,17,4,14,A1,B1,316.8027914
655,17,4,15,A1,B1,243.6529478
656,17,4,16,A1,B1,286.1059059
657,17,4,17,A1,B1,261.4833752
658,17,4,18,A1,B1,256.1115285
659,17,4,19,A1,B1,255.3400609
660,17,4,20,A1,B1,256.8771515
661,17,4,21,A1,B2,252.1113435
662,17,4,22,A1,B2,181.714757
663,17,4,23,A1,B2,211.231936
664,17,4,24,A1,B2,302.3813286
665,17,4,25,A1,B2,260.5763193
666,17,4,26,A1,B2,253.6104819
667,17,4,27,A1,B2,204.7324259
668,17,4,28,A1,B2,227.7710633
669,17,4,29,A1,B2,277.4913567
670,17,4,30,A1,B2,288.4428731
671,17,4,31,A2,B1,212.8216866
672,17,4,32,A2,B1,256.4255361
673,17,4,33,A2,B1,249.3543689
674,17,4,34,A2,B1,217.3043401
675,17,4,35,A2,B1,252.8705948
676,17,4,36,A2,B1,239.7756468
677,17,4,37,A2,B1,239.8802113
678,17,4,38,A2,B1,242.2994055
679,17,4,39,A2,B1,243.6549406
680,17,4,40,A2,B1,259.8503627
681,18,2,1,A1,B2,218.9025789
682,18,2,2,A1,B2,251.0580961
683,18,2,3,A1,B2,265.3670973
684,18,2,4,A1,B2,261.2869593
685,18,2,5,A1,B2,253.1771195
686,18,2,6,A1,B2,240.2581584
687,18,2,7,A1,B2,261.429142
688,18,2,8,A1,B2,278.8464684
689,18,2,9,A1,B2,271.0653481
690,18,2,10,A1,B2,232.9749775
691,18,2,11,A2,B1,217.7467314
692,18,2,12,A2,B1,224.0753719
693,18,2,13,A2,B1,213.6686345
694,18,2,14,A2,B1,235.39167
695,18,2,15,A2,B1,264.8932977
696,18,2,16,A2,B1,253.9061082
697,18,2,17,A2,B1,212.5581658
698,18,2,18,A2,B1,230.3520564
699,18,2,19,A2,B1,258.4124429
700,18,2,20,A2,B1,245.7439097
701,18,2,21,A2,B2,223.3895137
702,18,2,22,A2,B2,199.7522428
703,18,2,23,A2,B2,282.490641
704,18,2,24,A2,B2,252.1638171
705,18,2,25,A2,B2,257.973666
706,18,2,26,A2,B2,260.6432734
707,18,2,27,A2,B2,210.3179497
708,18,2,28,A2,B2,242.4180235
709,18,2,29,A2,B2,269.5866189
710,18,2,30,A2,B2,236.6248673
711,18,2,31,A1,B1,234.7995044
712,18,2,32,A1,B1,241.0693909
713,18,2,33,A1,B1,283.3852794
714,18,2,34,A1,B1,234.7636102
715,18,2,35,A1,B1,259.2473495
716,18,2,36,A1,B1,233.907088
717,18,2,37,A1,B1,265.4583054
718,18,2,38,A1,B1,218.2418881
719,18,2,39,A1,B1,262.1764176
720,18,2,40,A1,B1,248.0047631
721,19,4,1,A2,B2,262.6364186
722,19,4,2,A2,B2,332.7878068
723,19,4,3,A2,B2,317.0978408
724,19,4,4,A2,B2,267.1962185
725,19,4,5,A2,B2,308.7489618
726,19,4,6,A2,B2,278.5803108
727,19,4,7,A2,B2,295.7304876
728,19,4,8,A2,B2,298.8717649
729,19,4,9,A2,B2,315.3579431
730,19,4,10,A2,B2,269.1618815
731,19,4,11,A1,B1,261.3984928
732,19,4,12,A1,B1,244.7156914
733,19,4,13,A1,B1,273.0017045
734,19,4,14,A1,B1,298.4526067
735,19,4,15,A1,B1,277.4995589
736,19,4,16,A1,B1,232.8272727
737,19,4,17,A1,B1,246.7612871
738,19,4,18,A1,B1,235.0875691
739,19,4,19,A1,B1,222.0393455
740,19,4,20,A1,B1,245.5688635
741,19,4,21,A1,B2,284.3768289
742,19,4,22,A1,B2,233.3423798
743,19,4,23,A1,B2,306.8153055
744,19,4,24,A1,B2,347.443572
745,19,4,25,A1,B2,315.1668477
746,19,4,26,A1,B2,295.7067268
747,19,4,27,A1,B2,291.4203047
748,19,4,28,A1,B2,309.9431423
749,19,4,29,A1,B2,349.0523308
750,19,4,30,A1,B2,287.4386917
751,19,4,31,A2,B1,261.0363818
752,19,4,32,A2,B1,230.3380151
753,19,4,33,A2,B1,253.9364151
754,19,4,34,A2,B1,267.8965812
755,19,4,35,A2,B1,284.4699312
756,19,4,36,A2,B1,232.5876092
757,19,4,37,A2,B1,267.2608331
758,19,4,38,A2,B1,270.8190117
759,19,4,39,A2,B1,246.839158
760,19,4,40,A2,B1,296.4480197
761,20,2,1,A1,B2,251.5351692
762,20,2,2,A1,B2,269.7333279
763,20,2,3,A1,B2,210.1937207
764,20,2,4,A1,B2,251.8006022
765,20,2,5,A1,B2,239.2747255
766,20,2,6,A1,B2,252.3633981
767,20,2,7,A1,B2,229.7350067
768,20,2,8,A1,B2,276.6570523
769,20,2,9,A1,B2,247.7474056
770,20,2,10,A1,B2,211.4289813
771,20,2,11,A2,B1,239.4315621
772,20,2,12,A2,B1,246.5690271
773,20,2,13,A2,B1,244.1336306
774,20,2,14,A2,B1,266.5171813
775,20,2,15,A2,B1,252.1575846
776,20,2,16,A2,B1,237.1967764
777,20,2,17,A2,B1,246.2103636
778,20,2,18,A2,B1,248.3561175
779,20,2,19,A2,B1,234.8007183
780,20,2,20,A2,B1,249.4098561
781,20,2,21,A2,B2,196.1337981
782,20,2,22,A2,B2,264.5430074
783,20,2,23,A2,B2,231.2258374
784,20,2,24,A2,B2,277.8666725
785,20,2,25,A2,B2,278.7570622
786,20,2,26,A2,B2,264.7068503
787,20,2,27,A2,B2,234.4256288
788,20,2,28,A2,B2,231.9139701
789,20,2,29,A2,B2,264.4949738
790,20,2,30,A2,B2,248.6275951
791,20,2,31,A1,B1,220.2365845
792,20,2,32,A1,B1,223.9735038
793,20,2,33,A1,B1,280.1824659
794,20,2,34,A1,B1,206.0417543
795,20,2,35,A1,B1,229.0975301
796,20,2,36,A1,B1,215.0837731
797,20,2,37,A1,B1,237.5013609
798,20,2,38,A1,B1,235.2913797
799,20,2,39,A1,B1,267.6960986
800,20,2,40,A1,B1,253.5818412
801,21,1,1,A1,B1,251.6946541
802,21,1,2,A1,B1,286.2274923
803,21,1,3,A1,B1,283.1199782
804,21,1,4,A1,B1,264.9556309
805,21,1,5,A1,B1,225.9613455
806,21,1,6,A1,B1,226.4987486
807,21,1,7,A1,B1,246.06599
808,21,1,8,A1,B1,257.5805761
809,21,1,9,A1,B1,236.2902322
810,21,1,10,A1,B1,254.6565616
811,21,1,11,A1,B2,197.5958148
812,21,1,12,A1,B2,187.2874889
813,21,1,13,A1,B2,235.6440043
814,21,1,14,A1,B2,214.0501915
815,21,1,15,A1,B2,207.8996705
816,21,1,16,A1,B2,237.7903156
817,21,1,17,A1,B2,160.5432743
818,21,1,18,A1,B2,221.0236242
819,21,1,19,A1,B2,179.4513807
820,21,1,20,A1,B2,223.3754236
821,21,1,21,A2,B1,245.6291829
822,21,1,22,A2,B1,237.4914073
823,21,1,23,A2,B1,250.4980146
824,21,1,24,A2,B1,244.0618957
825,21,1,25,A2,B1,239.2610551
826,21,1,26,A2,B1,211.2418809
827,21,1,27,A2,B1,209.840359
828,21,1,28,A2,B1,209.7537207
829,21,1,29,A2,B1,190.0560056
830,21,1,30,A2,B1,220.4993133
831,21,1,31,A2,B2,158.2224354
832,21,1,32,A2,B2,181.3537166
833,21,1,33,A2,B2,174.3733927
834,21,1,34,A2,B2,168.736814
835,21,1,35,A2,B2,201.8341165
836,21,1,36,A2,B2,181.4631029
837,21,1,37,A2,B2,189.5156074
838,21,1,38,A2,B2,172.5414691
839,21,1,39,A2,B2,190.2485201
840,21,1,40,A2,B2,194.9577309
841,22,2,1,A1,B2,228.1372013
842,22,2,2,A1,B2,294.6939704
843,22,2,3,A1,B2,262.8497409
844,22,2,4,A1,B2,274.3515269
845,22,2,5,A1,B2,255.822914
846,22,2,6,A1,B2,269.3496241
847,22,2,7,A1,B2,292.1537917
848,22,2,8,A1,B2,286.2634666
849,22,2,9,A1,B2,290.3991326
850,22,2,10,A1,B2,230.1860967
851,22,2,11,A2,B1,264.8386486
852,22,2,12,A2,B1,298.8874405
853,22,2,13,A2,B1,261.0656062
854,22,2,14,A2,B1,270.4525784
855,22,2,15,A2,B1,251.6835606
856,22,2,16,A2,B1,313.072682
857,22,2,17,A2,B1,256.8565502
858,22,2,18,A2,B1,251.5888579
859,22,2,19,A2,B1,272.3812927
860,22,2,20,A2,B1,269.2157434
861,22,2,21,A2,B2,288.1691207
862,22,2,22,A2,B2,273.5878411
863,22,2,23,A2,B2,304.8797302
864,22,2,24,A2,B2,
865,22,2,25,A2,B2,324.1101135
866,22,2,26,A2,B2,
867,22,2,27,A2,B2,287.3715972
868,22,2,28,A2,B2,
869,22,2,29,A2,B2,325.4714213
870,22,2,30,A2,B2,271.9895849
871,22,2,31,A1,B1,227.4972711
872,22,2,32,A1,B1,239.9909964
873,22,2,33,A1,B1,307.1860486
874,22,2,34,A1,B1,251.9581736
875,22,2,35,A1,B1,234.3602024
876,22,2,36,A1,B1,248.8811992
877,22,2,37,A1,B1,268.9663234
878,22,2,38,A1,B1,249.4901815
879,22,2,39,A1,B1,243.451421
880,22,2,40,A1,B1,229.6842774
881,23,3,1,A2,B1,226.8570387
882,23,3,2,A2,B1,228.6408565
883,23,3,3,A2,B1,209.7887991
884,23,3,4,A2,B1,228.8404736
885,23,3,5,A2,B1,245.8138766
886,23,3,6,A2,B1,214.4596835
887,23,3,7,A2,B1,193.3968608
888,23,3,8,A2,B1,263.1433519
889,23,3,9,A2,B1,211.8984549
890,23,3,10,A2,B1,234.7014156
891,23,3,11,A2,B2,226.6703461
892,23,3,12,A2,B2,238.3372936
893,23,3,13,A2,B2,230.1791699
894,23,3,14,A2,B2,239.6884596
895,23,3,15,A2,B2,264.4188463
896,23,3,16,A2,B2,251.8361929
897,23,3,17,A2,B2,207.4751576
898,23,3,18,A2,B2,231.2284053
899,23,3,19,A2,B2,235.5414106
900,23,3,20,A2,B2,250.4279476
901,23,3,21,A1,B1,235.4771009
902,23,3,22,A1,B1,194.1579475
903,23,3,23,A1,B1,222.7288729
904,23,3,24,A1,B1,252.7570774
905,23,3,25,A1,B1,239.259469
906,23,3,26,A1,B1,253.5772867
907,23,3,27,A1,B1,265.2503925
908,23,3,28,A1,B1,249.3354396
909,23,3,29,A1,B1,235.3096906
910,23,3,30,A1,B1,218.892319
911,23,3,31,A1,B2,191.2402117
912,23,3,32,A1,B2,203.2417887
913,23,3,33,A1,B2,290.8463481
914,23,3,34,A1,B2,215.1560705
915,23,3,35,A1,B2,208.401267
916,23,3,36,A1,B2,211.8024419
917,23,3,37,A1,B2,245.9156071
918,23,3,38,A1,B2,210.3893065
919,23,3,39,Aa1,B2,204.8390756
920,23,3,40,A1,B2,208.8965989
921,24,2,1,A1,B2,210.7504247
922,24,2,2,A1,B2,256.0198884
923,24,2,3,A1,B2,234.6023024
924,24,2,4,A1,B2,262.5503947
925,24,2,5,A1,B2,240.060777
926,24,2,6,A1,B2,236.8788257
927,24,2,7,A1,B2,237.6134144
928,24,2,8,A1,B2,264.5351496
929,24,2,9,A1,B2,227.2136114
930,24,2,10,A1,B2,206.3507369
931,24,2,11,A2,B1,255.950504
932,24,2,12,A2,B1,254.9424254
933,24,2,13,A2,B1,251.5532932
934,24,2,14,A2,B1,261.9680975
935,24,2,15,A2,B1,270.0041228
936,24,2,16,A2,B1,258.9643378
937,24,2,17,A2,B1,239.1388817
938,24,2,18,A2,B1,251.6917128
939,24,2,19,A2,B1,229.4081002
940,24,2,20,A2,B1,238.1304868
941,24,2,21,A2,B2,207.1042193
942,24,2,22,A2,B2,178.6526823
943,24,2,23,A2,B2,252.6074966
944,24,2,24,A2,B2,236.5098074
945,24,2,25,A2,B2,260.0488989
946,24,2,26,A2,B2,254.0825369
947,24,2,27,A2,B2,258.1424185
948,24,2,28,A2,B2,233.0172656
949,24,2,29,A2,B2,238.9508724
950,24,2,30,A2,B2,240.2883253
951,24,2,31,A1,B1,296.2147975
952,24,2,32,A1,B1,260.7252406
953,24,2,33,A1,B1,311.4070444
954,24,2,34,A1,B1,283.7309395
955,24,2,35,A1,B1,252.3142522
956,24,2,36,A1,B1,255.4537308
957,24,2,37,A1,B1,289.3556435
958,24,2,38,A1,B1,226.5825601
959,24,2,39,A1,B1,284.7081247
960,24,2,40,A1,B1,236.232971
961,25,1,1,A1,B1,223.6691016
962,25,1,2,A1,B1,281.0397813
963,25,1,3,A1,B1,266.7282163
964,25,1,4,A1,B1,230.4867669
965,25,1,5,A1,B1,231.719892
966,25,1,6,A1,B1,238.6434846
967,25,1,7,A1,B1,261.2999267
968,25,1,8,A1,B1,259.9231958
969,25,1,9,A1,B1,198.2045856
970,25,1,10,A1,B1,215.6476849
971,25,1,11,A1,B2,276.4558826
972,25,1,12,A1,B2,280.3145351
973,25,1,13,A1,B2,280.1684926
974,25,1,14,A1,B2,277.1354298
975,25,1,15,A1,B2,266.6978477
976,25,1,16,A1,B2,267.2812643
977,25,1,17,A1,B2,240.791654
978,25,1,18,A1,B2,254.1721868
979,25,1,19,A1,B2,224.5776938
980,25,1,20,A1,B2,290.9161086
981,25,1,21,A2,B1,239.0275374
982,25,1,22,A2,B1,254.6190929
983,25,1,23,A2,B1,276.6032176
984,25,1,24,A2,B1,257.2286339
985,25,1,25,A2,B1,233.1512382
986,25,1,26,A2,B1,264.1312917
987,25,1,27,A2,B1,255.693513
988,25,1,28,A2,B1,231.6254886
989,25,1,29,A2,B1,277.9748957
990,25,1,30,A2,B1,275.9771833
991,25,1,31,A2,B2,251.5855088
992,25,1,32,A2,B2,246.2031683
993,25,1,33,A2,B2,271.3039883
994,25,1,34,A2,B2,247.0582433
995,25,1,35,A2,B2,256.224538
996,25,1,36,A2,B2,248.8984394
997,25,1,37,A2,B2,266.553825
998,25,1,38,A2,B2,263.0444035
999,25,1,39,A2,B2,236.964611
1000,25,1,40,A2,B2,278.0196615
1001,26,2,1,A1,B2,203.6699775
1002,26,2,2,A1,B2,267.0275655
1003,26,2,3,A1,B2,250.0182274
1004,26,2,4,A1,B2,282.0749775
1005,26,2,5,A1,B2,227.8922532
1006,26,2,6,A1,B2,225.2954736
1007,26,2,7,A1,B2,245.117446
1008,26,2,8,A1,B2,254.9874703
1009,26,2,9,A1,B2,212.7366075
1010,26,2,10,A1,B2,219.3895333
1011,26,2,11,a2,B1,207.0253651
1012,26,2,12,A2,b1,237.6472229
1013,26,2,13,A2,B1,180.4094887
1014,26,2,14,A2,B1,244.537087
1015,26,2,15,A2,B1,257.0436839
1016,26,2,16,A2,B1,240.1314351
1017,26,2,17,A2,B1,205.5061661
1018,26,2,18,A2,B1,270.3364411
1019,26,2,19,A2,B1,216.0418056
1020,26,2,20,A2,B1,210.075794
1021,26,2,21,A2,B2,204.6029004
1022,26,2,22,A2,B2,217.0222615
1023,26,2,23,A2,B2,250.8162915
1024,26,2,24,A2,B2,262.3702701
1025,26,2,25,A2,B2,262.3354969
1026,26,2,26,A2,B2,271.0801366
1027,26,2,27,A2,B2,238.7956672
1028,26,2,28,A2,B2,287.0326822
1029,26,2,29,A2,B2,254.1376272
1030,26,2,30,A2,B2,257.893129
1031,26,2,31,A1,B1,250.435065
1032,26,2,32,A1,B1,221.9083381
1033,26,2,33,A1,B1,292.8594552
1034,26,2,34,A1,B1,245.0552724
1035,26,2,35,A1,B1,226.5245567
1036,26,2,36,A1,B1,226.9176894
1037,26,2,37,A1,B1,258.1906538
1038,26,2,38,A1,B1,239.2689369
1039,26,2,39,A1,B1,242.110196
1040,26,2,40,A1,B1,249.9333034
1041,27,4,1,A2,B2,309.6462939
1042,27,4,2,A2,B2,291.7798098
1043,27,4,3,A2,B2,301.5651054
1044,27,4,4,A2,B2,287.3098196
1045,27,4,5,A2,B2,294.5027689
1046,27,4,6,A2,B2,302.5771465
1047,27,4,7,A2,B2,307.9551223
1048,27,4,8,A2,B2,297.9387085
1049,27,4,9,A2,B2,292.9917529
1050,27,4,10,A2,B2,275.6534006
1051,27,4,11,A1,B1,275.9278892
1052,27,4,12,A1,B1,280.259971
1053,27,4,13,A1,B1,252.9594669
1054,27,4,14,A1,B1,289.2257004
1055,27,4,15,A1,B1,258.2475684
1056,27,4,16,A1,B1,299.6128626
1057,27,4,17,A1,B1,254.5552298
1058,27,4,18,A1,B1,218.5767624
1059,27,4,19,A1,B1,223.8621621
1060,27,4,20,A1,B1,269.0799543
1061,27,4,21,A1,B2,278.1399791
1062,27,4,22,A1,B2,271.5381009
1063,27,4,23,A1,B2,318.9543531
1064,27,4,24,A1,B2,364.4086499
1065,27,4,25,A1,B2,329.5255853
1066,27,4,26,A1,B2,258.5972361
1067,27,4,27,A1,B2,287.5144897
1068,27,4,28,A1,B2,291.3620376
1069,27,4,29,A1,B2,297.0851025
1070,27,4,30,A1,B2,301.6043501
1071,27,4,31,A2,B1,284.0866095
1072,27,4,32,A2,B1,264.2035739
1073,27,4,33,A2,B1,273.8225744
1074,27,4,34,A2,B1,264.6120579
1075,27,4,35,A2,B1,253.1758297
1076,27,4,36,A2,B1,272.6131401
1077,27,4,37,A2,B1,268.1283682
1078,27,4,38,A2,B1,283.533439
1079,27,4,39,A2,B1,266.5773013
1080,27,4,40,A2,B1,305.802682
1081,28,4,1,A2,B2,236.1112177
1082,28,4,2,A2,B2,284.9092298
1083,28,4,3,A2,B2,283.2921106
1084,28,4,4,A2,B2,258.6534865
1085,28,4,5,A2,B2,269.2898758
1086,28,4,6,A2,B2,305.2361326
1087,28,4,7,A2,B2,273.2703809
1088,28,4,8,A2,B2,293.0465254
1089,28,4,9,A2,B2,287.5916901
1090,28,4,10,A2,B2,244.4081503
1091,28,4,11,A1,B1,203.5405352
1092,28,4,12,A1,B1,227.9077845
1093,28,4,13,A1,B1,220.5020591
1094,28,4,14,A1,B1,267.802749
1095,28,4,15,A1,B1,250.1517274
1096,28,4,16,A1,B1,252.340082
1097,28,4,17,A1,B1,220.7736388
1098,28,4,18,A1,B1,218.2323275
1099,28,4,19,A1,B1,234.9259552
1100,28,4,20,A1,B1,245.1503014
1101,28,4,21,A1,B2,164.2434947
1102,28,4,22,A1,B2,205.6653809
1103,28,4,23,A1,B2,228.6028874
1104,28,4,24,A1,B2,282.8261104
1105,28,4,25,A1,B2,252.6116647
1106,28,4,26,A1,B2,222.6486434
1107,28,4,27,A1,B2,198.9142532
1108,28,4,28,A1,B2,225.0671435
1109,28,4,29,A1,B2,272.5327049
1110,28,4,30,A1,B2,224.1442656
1111,28,4,31,A2,B1,276.7518854
1112,28,4,32,A2,B1,259.2616789
1113,28,4,33,A2,B1,243.7875807
1114,28,4,34,A2,B1,267.1448534
1115,28,4,35,A2,B1,274.2491253
1116,28,4,36,A2,B1,258.2412576
1117,28,4,37,A2,B1,258.3754819
1118,28,4,38,A2,B1,202.5827026
1119,28,4,39,A2,B1,253.0309198
1120,28,4,40,A2,B1,237.3779279
1121,29,1,1,A1,B1,208.2702433
1122,29,1,2,A1,B1,239.3335692
1123,29,1,3,A1,B1,252.8027598
1124,29,1,4,A1,B1,253.9746282
1125,29,1,5,A1,B1,201.6632284
1126,29,1,6,A1,B1,201.6709308
1127,29,1,7,A1,B1,218.7775965
1128,29,1,8,A1,B1,286.6361025
1129,29,1,9,A1,B1,229.1815902
1130,29,1,10,A1,B1,243.9232318
1131,29,1,11,A1,B2,240.359291
1132,29,1,12,A1,B2,265.0592937
1133,29,1,13,A1,B2,237.729212
1134,29,1,14,A1,B2,214.4053641
1135,29,1,15,A1,B2,209.1800646
1136,29,1,16,A1,B2,246.4140071
1137,29,1,17,A1,B2,228.2644888
1138,29,1,18,A1,B2,226.042608
1139,29,1,19,A1,B2,132.5104961
1140,29,1,20,A1,B2,239.3776307
1141,29,1,21,A2,B1,230.5278387
1142,29,1,22,A2,B1,220.6005194
1143,29,1,23,A2,B1,209.06705
1144,29,1,24,A2,B1,217.5876126
1145,29,1,25,A2,B1,244.0977094
1146,29,1,26,A2,B1,235.0338093
1147,29,1,27,A2,B1,213.894909
1148,29,1,28,A2,B1,236.7454178
1149,29,1,29,A2,B1,243.512072
1150,29,1,30,A2,B1,253.0503794
1151,29,1,31,A2,B2,230.8128264
1152,29,1,32,A2,B2,242.2073738
1153,29,1,33,A2,B2,229.5936247
1154,29,1,34,A2,B2,301.4144533
1155,29,1,35,A2,B2,242.4879172
1156,29,1,36,A2,B2,261.6091001
1157,29,1,37,A2,B2,261.8708008
1158,29,1,38,A2,B2,233.0682048
1159,29,1,39,A2,B2,235.4715001
1160,29,1,40,A2,B2,285.1070187
1161,30,2,1,A1,B2,225.0498747
1162,30,2,2,A1,B2,258.9807773
1163,30,2,3,A1,B2,248.9468673
1164,30,2,4,A1,B2,259.4403017
1165,30,2,5,A1,B2,214.4396436
1166,30,2,6,A1,B2,226.3239834
1167,30,2,7,A1,B2,222.2964452
1168,30,2,8,A1,B2,270.7017427
1169,30,2,9,A1,B2,250.8405192
1170,30,2,10,A1,B2,231.6511469
1171,30,2,11,A2,B1,247.0633466
1172,30,2,12,A2,B1,246.720162
1173,30,2,13,A2,B1,239.3932982
1174,30,2,14,A2,B1,251.564782
1175,30,2,15,A2,B1,286.1749716
1176,30,2,16,A2,B1,236.8981357
1177,30,2,17,A2,B1,253.7167168
1178,30,2,18,A2,B1,228.8480217
1179,30,2,19,A2,B1,231.9884942
1180,30,2,20,A2,B1,215.1183633
1181,30,2,21,A2,B2,184.4007479
1182,30,2,22,A2,B2,172.0505326
1183,30,2,23,A2,B2,239.4628864
1184,30,2,24,A2,B2,250.3970021
1185,30,2,25,A2,B2,243.4285909
1186,30,2,26,A2,B2,213.6820157
1187,30,2,27,A2,B2,198.9696552
1188,30,2,28,A2,B2,217.4975905
1189,30,2,29,A2,B2,231.1436091
1190,30,2,30,A2,B2,204.3010186
1191,30,2,31,A1,B1,268.0590615
1192,30,2,32,A1,B1,227.885268
1193,30,2,33,A1,B1,304.3325812
1194,30,2,34,A1,B1,235.8628681
1195,30,2,35,A1,B1,268.4366799
1196,30,2,36,A1,B1,263.545539
1197,30,2,37,A1,B1,269.136717
1198,30,2,38,A1,B1,269.8601948
1199,30,2,39,A1,B1,279.4578194
1200,30,2,40,A1,B1,246.7950581
1201,31,4,1,A2,B2,220.1868829
1202,31,4,2,A2,B2,249.8874144
1203,31,4,3,A2,B2,261.4387162
1204,31,4,4,A2,B2,233.5113981
1205,31,4,5,A2,B2,279.7878512
1206,31,4,6,A2,B2,221.4910917
1207,31,4,7,A2,B2,250.9028882
1208,31,4,8,A2,B2,224.7752875
1209,31,4,9,A2,B2,254.1991748
1210,31,4,10,A2,B2,208.5367924
1211,31,4,11,A1,B1,255.9759714
1212,31,4,12,A1,B1,235.3618722
1213,31,4,13,A1,B1,274.7384826
1214,31,4,14,A1,B1,325.5123478
1215,31,4,15,A1,B1,296.628019
1216,31,4,16,A1,B1,267.3886922
1217,31,4,17,A1,B1,251.405932
1218,31,4,18,A1,B1,249.3630482
1219,31,4,19,A1,B1,225.7910581
1220,31,4,20,A1,B1,274.4595758
1221,31,4,21,A1,B2,234.8377059
1222,31,4,22,A1,B2,205.4766249
1223,31,4,23,A1,B2,271.8063549
1224,31,4,24,A1,B2,329.0409202
1225,31,4,25,A1,B2,314.2670046
1226,31,4,26,A1,B2,267.4496691
1227,31,4,27,A1,B2,288.8802045
1228,31,4,28,A1,B2,298.7916282
1229,31,4,29,A1,B2,311.6908022
1230,31,4,30,A1,B2,280.9709017
1231,31,4,31,A2,B1,219.1397502
1232,31,4,32,A2,B1,234.8082495
1233,31,4,33,A2,B1,261.9907293
1234,31,4,34,A2,B1,215.4445811
1235,31,4,35,A2,B1,236.2592956
1236,31,4,36,A2,B1,222.6706311
1237,31,4,37,A2,B1,252.5864417
1238,31,4,38,A2,B1,238.307182
1239,31,4,39,A2,B1,271.3779164
1240,31,4,40,A2,B1,251.720915
1241,32,2,1,A1,B2,176.9583512
1242,32,2,2,A1,B2,197.2846697
1243,32,2,3,A1,B2,206.2714183
1244,32,2,4,A1,B2,221.9706267
1245,32,2,5,A1,B2,183.5007035
1246,32,2,6,A1,B2,169.1156754
1247,32,2,7,A1,B2,219.6020402
1248,32,2,8,A1,B2,225.3757675
1249,32,2,9,A1,B2,178.4073977
1250,32,2,10,A1,B2,159.7276
1251,32,2,11,A2,B1,248.0318165
1252,32,2,12,A2,B1,240.4430894
1253,32,2,13,A2,B1,223.0261632
1254,32,2,14,A2,B1,287.6903089
1255,32,2,15,A2,B1,248.9048132
1256,32,2,16,A2,B1,262.0760184
1257,32,2,17,A2,B1,251.1339968
1258,32,2,18,A2,B1,222.0881151
1259,32,2,19,A2,B1,210.5524568
1260,32,2,20,A2,B1,265.8502968
1261,32,2,21,A2,B2,245.0860919
1262,32,2,22,A2,B2,231.0491614
1263,32,2,23,A2,B2,303.525939
1264,32,2,24,A2,B2,267.0122994
1265,32,2,25,A2,B2,291.6362884
1266,32,2,26,A2,B2,237.1597341
1267,32,2,27,A2,B2,262.4086221
1268,32,2,28,A2,B2,286.5819959
1269,32,2,29,A2,B2,227.4311816
1270,32,2,30,A2,B2,247.7711287
1271,32,2,31,A1,B1,231.3560373
1272,32,2,32,A1,B1,184.1667316
1273,32,2,33,A1,B1,274.6600454
1274,32,2,34,A1,B1,250.8071958
1275,32,2,35,A1,B1,244.9816102
1276,32,2,36,A1,B1,220.5400517
1277,32,2,37,A1,B1,194.2517263
1278,32,2,38,A1,B1,254.5592715
1279,32,2,39,A1,B1,231.5520523
1280,32,2,40,A1,B1,260.4023437
1281,33,3,1,A2,B1,247.2600196
1282,33,3,2,A2,B1,230.7735891
1283,33,3,3,A2,B1,271.347499
1284,33,3,4,A2,B1,244.7060081
1285,33,3,5,A2,B1,244.9296988
1286,33,3,6,A2,B1,248.2142203
1287,33,3,7,A2,B1,268.7379192
1288,33,3,8,A2,B1,241.572024
1289,33,3,9,A2,B1,278.0340486
1290,33,3,10,A2,B1,214.2096026
1291,33,3,11,A2,B2,247.5036657
1292,33,3,12,A2,B2,272.4535057
1293,33,3,13,A2,B2,278.5159371
1294,33,3,14,A2,B2,222.6721952
1295,33,3,15,A2,B2,256.1133403
1296,33,3,16,A2,B2,272.1629315
1297,33,3,17,A2,B2,245.5782507
1298,33,3,18,A2,B2,267.4865663
1299,33,3,19,A2,B2,235.921784
1300,33,3,20,A2,B2,273.5411085
1301,33,3,21,A1,B1,242.079951
1302,33,3,22,A1,B1,241.8504607
1303,33,3,23,A1,B1,262.5775731
1304,33,3,24,A1,B1,279.2591979
1305,33,3,25,A1,B1,249.9330622
1306,33,3,26,A1,B1,254.323887
1307,33,3,27,A1,B1,289.1281601
1308,33,3,28,A1,B1,275.8264255
1309,33,3,29,A1,B1,306.42358
1310,33,3,30,A1,B1,288.7089038
1311,33,3,31,A1,B2,214.251297
1312,33,3,32,A1,B2,295.3231696
1313,33,3,33,A1,B2,263.2739961
1314,33,3,34,A1,B2,243.4734632
1315,33,3,35,A1,B2,244.3655224
1316,33,3,36,A1,B2,230.9459202
1317,33,3,37,A1,B2,250.6617841
1318,33,3,38,A1,B2,238.5134219
1319,33,3,39,A1,B2,231.6855568
1320,33,3,40,A1,B2,291.3643348
1321,34,3,1,A2,B1,266.2689413
1322,34,3,2,A2,B1,244.8837673
1323,34,3,3,A2,B1,240.121619
1324,34,3,4,A2,B1,299.0119356
1325,34,3,5,A2,B1,280.4956459
1326,34,3,6,A2,B1,222.7719138
1327,34,3,7,A2,B1,227.2186933
1328,34,3,8,A2,B1,282.8184894
1329,34,3,9,A2,B1,223.0740367
1330,34,3,10,A2,B1,278.6487823
1331,34,3,11,A2,B2,244.1637573
1332,34,3,12,A2,B2,279.6147225
1333,34,3,13,A2,B2,290.2203667
1334,34,3,14,A2,B2,253.558207
1335,34,3,15,A2,B2,257.8949195
1336,34,3,16,A2,B2,300.9537474
1337,34,3,17,A2,B2,279.3357654
1338,34,3,18,A2,B2,285.3817397
1339,34,3,19,A2,B2,271.8639603
1340,34,3,20,A2,B2,329.1177763
1341,34,3,21,A1,B1,217.9796328
1342,34,3,22,A1,B1,232.3515115
1343,34,3,23,A1,B1,249.4197096
1344,34,3,24,A1,B1,269.7381433
1345,34,3,25,A1,B1,263.2652859
1346,34,3,26,A1,B1,273.5931837
1347,34,3,27,A1,B1,255.0430654
1348,34,3,28,A1,B1,257.5238421
1349,34,3,29,A1,B1,259.6450663
1350,34,3,30,A1,B1,276.5724602
1351,34,3,31,A1,B2,188.1074369
1352,34,3,32,A1,B2,262.500582
1353,34,3,33,A1,B2,286.4448115
1354,34,3,34,A1,B2,203.3715792
1355,34,3,35,A1,B2,252.9471372
1356,34,3,36,A1,B2,228.750776
1357,34,3,37,A1,B2,232.8872008
1358,34,3,38,A1,B2,219.4117028
1359,34,3,39,A1,B2,223.4658397
1360,34,3,40,A1,B2,278.3490061
1361,35,3,1,A2,B1,252.3854233
1362,35,3,2,A2,B1,276.7823436
1363,35,3,3,A2,B1,208.0663774
1364,35,3,4,A2,B1,287.967424
1365,35,3,5,A2,B1,255.55243
1366,35,3,6,A2,B1,237.0862651
1367,35,3,7,A2,B1,250.664602
1368,35,3,8,A2,B1,258.6772647
1369,35,3,9,A2,B1,244.6341521
1370,35,3,10,A2,B1,239.5810646
1371,35,3,11,A2,B2,273.8389125
1372,35,3,12,A2,B2,295.1202669
1373,35,3,13,A2,B2,304.3717787
1374,35,3,14,A2,B2,289.3737836
1375,35,3,15,A2,B2,293.2052785
1376,35,3,16,A2,B2,275.7259894
1377,35,3,17,A2,B2,274.5049968
1378,35,3,18,A2,B2,296.0056292
1379,35,3,19,A2,B2,288.5534147
1380,35,3,20,A2,B2,305.7051874
1381,35,3,21,A1,B1,237.9493666
1382,35,3,22,A1,B1,236.5085948
1383,35,3,23,A1,B1,228.4240044
1384,35,3,24,A1,B1,252.8723398
1385,35,3,25,A1,B1,237.1938025
1386,35,3,26,A1,B1,251.336982
1387,35,3,27,A1,B1,280.6265042
1388,35,3,28,A1,B1,274.4045746
1389,35,3,29,A1,B1,281.1599581
1390,35,3,30,A1,B1,250.370741
1391,35,3,31,A1,B2,217.8368961
1392,35,3,32,A1,B2,292.2568824
1393,35,3,33,A1,B2,251.3651661
1394,35,3,34,A1,B2,275.8586604
1395,35,3,35,A1,B2,290.6472796
1396,35,3,36,A1,B2,264.2461333
1397,35,3,37,A1,B2,302.7728938
1398,35,3,38,A1,B2,239.955515
1399,35,3,39,A1,B2,251.8507584
1400,35,3,40,A1,B2,300.0235967
1401,36,2,1,A1,B2,207.3196759
1402,36,2,2,A1,B2,307.7526478
1403,36,2,3,A1,B2,254.389801
1404,36,2,4,A1,B2,252.2429391
1405,36,2,5,A1,B2,229.4471386
1406,36,2,6,A1,B2,232.7567766
1407,36,2,7,A1,B2,257.1616724
1408,36,2,8,A1,B2,267.4078914
1409,36,2,9,A1,B2,220.912461
1410,36,2,10,A1,B2,200.0874066
1411,36,2,11,A2,B1,213.2826225
1412,36,2,12,A2,B1,229.9823821
1413,36,2,13,A2,B1,267.8577988
1414,36,2,14,A2,B1,259.1784717
1415,36,2,15,A2,B1,221.0230248
1416,36,2,16,A2,B1,238.3441409
1417,36,2,17,A2,B1,178.2449313
1418,36,2,18,A2,B1,244.4610201
1419,36,2,19,A2,B1,210.9379027
1420,36,2,20,A2,B1,232.6784598
1421,36,2,21,A2,B2,242.1439764
1422,36,2,22,A2,B2,232.345613
1423,36,2,23,A2,B2,228.3111318
1424,36,2,24,A2,B2,277.3207035
1425,36,2,25,A2,B2,256.9325039
1426,36,2,26,A2,B2,234.3043891
1427,36,2,27,A2,B2,210.4249427
1428,36,2,28,A2,B2,273.4719642
1429,36,2,29,A2,B2,255.0829077
1430,36,2,30,A2,B2,236.9134091
1431,36,2,31,A1,B1,261.0676644
1432,36,2,32,A1,B1,222.400454
1433,36,2,33,A1,B1,263.3467537
1434,36,2,34,A1,B1,240.0237184
1435,36,2,35,A1,B1,208.2296014
1436,36,2,36,A1,B1,231.1202437
1437,36,2,37,A1,B1,243.3008451
1438,36,2,38,A1,B1,263.5267323
1439,36,2,39,A1,B1,236.7950977
1440,36,2,40,A1,B1,256.7534338
1441,37,1,1,A1,B1,233.5282722
1442,37,1,2,A1,B1,214.2443136
1443,37,1,3,A1,B1,248.1820344
1444,37,1,4,A1,B1,229.0203213
1445,37,1,5,A1,B1,226.1420253
1446,37,1,6,A1,B1,203.7421991
1447,37,1,7,A1,B1,213.2995604
1448,37,1,8,A1,B1,279.4827854
1449,37,1,9,A1,B1,209.2914663
1450,37,1,10,A1,B1,248.2134955
1451,37,1,11,A1,B2,266.1796574
1452,37,1,12,A1,B2,256.6331205
1453,37,1,13,A1,B2,258.0958309
1454,37,1,14,A1,B2,297.1885082
1455,37,1,15,A1,B2,265.6292692
1456,37,1,16,A1,B2,297.763951
1457,37,1,17,A1,B2,234.9616151
1458,37,1,18,A1,B2,274.6295504
1459,37,1,19,A1,B2,204.8550157
1460,37,1,20,A1,B2,285.3678782
1461,37,1,21,A2,B1,256.0073248
1462,37,1,22,A2,B1,233.4074943
1463,37,1,23,A2,B1,274.2707727
1464,37,1,24,A2,B1,234.8368874
1465,37,1,25,A2,B1,225.9215157
1466,37,1,26,A2,B1,291.6028506
1467,37,1,27,A2,B1,271.1860813
1468,37,1,28,A2,B1,237.3450843
1469,37,1,29,A2,B1,299.6999155
1470,37,1,30,A2,B1,271.352713
1471,37,1,31,A2,B2,229.5445504
1472,37,1,32,A2,B2,253.8671438
1473,37,1,33,A2,B2,245.1900494
1474,37,1,34,A2,B2,273.4521203
1475,37,1,35,A2,B2,231.6857567
1476,37,1,36,A2,B2,276.9910899
1477,37,1,37,A2,B2,292.292164
1478,37,1,38,A2,B2,255.0766898
1479,37,1,39,A2,B2,257.1645852
1480,37,1,40,A2,B2,262.5797181
1481,38,1,1,A1,B1,214.1146604
1482,38,1,2,A1,B1,240.3625833
1483,38,1,3,A1,B1,247.7352548
1484,38,1,4,A1,B1,248.5070243
1485,38,1,5,A1,B1,240.2026945
1486,38,1,6,A1,B1,241.1488135
1487,38,1,7,A1,B1,256.5884981
1488,38,1,8,A1,B1,280.0377938
1489,38,1,9,A1,B1,244.1877904
1490,38,1,10,A1,B1,235.6041126
1491,38,1,11,A1,B2,227.8887511
1492,38,1,12,A1,B2,247.8666738
1493,38,1,13,A1,B2,254.205313
1494,38,1,14,A1,B2,249.9257664
1495,38,1,15,A1,B2,223.4567549
1496,38,1,16,A1,B2,236.2511883
1497,38,1,17,A1,B2,216.9130858
1498,38,1,18,A1,B2,238.5201902
1499,38,1,19,A1,B2,164.5351186
1500,38,1,20,A1,B2,277.1597643
1501,38,1,21,A2,B1,232.4134634
1502,38,1,22,A2,B1,242.0839666
1503,38,1,23,A2,B1,221.3088732
1504,38,1,24,A2,B1,229.8423874
1505,38,1,25,A2,B1,246.7215374
1506,38,1,26,A2,B1,255.3675583
1507,38,1,27,A2,B1,216.4520316
1508,38,1,28,A2,B1,203.0269893
1509,38,1,29,A2,B1,230.6010331
1510,38,1,30,A2,B1,262.6462995
1511,38,1,31,A2,B2,209.2608147
1512,38,1,32,A2,B2,192.0550253
1513,38,1,33,A2,B2,202.9721554
1514,38,1,34,A2,B2,254.7551371
1515,38,1,35,A2,B2,230.7868709
1516,38,1,36,A2,B2,204.2538446
1517,38,1,37,A2,B2,248.2629315
1518,38,1,38,A2,B2,234.9097093
1519,38,1,39,A2,B2,220.7536336
1520,38,1,40,A2,B2,257.5287718
1521,39,4,1,A2,B2,275.4062079
1522,39,4,2,A2,B2,254.859385
1523,39,4,3,A2,B2,297.3510495
1524,39,4,4,A2,B2,272.6324317
1525,39,4,5,A2,B2,291.37374
1526,39,4,6,A2,B2,280.0631916
1527,39,4,7,A2,B2,250.9779939
1528,39,4,8,A2,B2,294.2322578
1529,39,4,9,A2,B2,279.680484
1530,39,4,10,A2,B2,258.0003657
1531,39,4,11,A1,B1,245.8599174
1532,39,4,12,A1,B1,257.5496637
1533,39,4,13,A1,B1,221.97857
1534,39,4,14,A1,B1,275.6230965
1535,39,4,15,A1,B1,272.4608532
1536,39,4,16,A1,B1,264.3365078
1537,39,4,17,A1,B1,247.2549046
1538,39,4,18,A1,B1,247.7243296
1539,39,4,19,A1,B1,250.204555
1540,39,4,20,A1,B1,267.2630165
1541,39,4,21,A1,B2,231.2118323
1542,39,4,22,A1,B2,217.5706055
1543,39,4,23,A1,B2,266.012484
1544,39,4,24,A1,B2,355.5941847
1545,39,4,25,A1,B2,328.946154
1546,39,4,26,A1,B2,295.4694394
1547,39,4,27,A1,B2,246.5631966
1548,39,4,28,A1,B2,276.2905495
1549,39,4,29,A1,B2,336.1125689
1550,39,4,30,A1,B2,238.2340051
1551,39,4,31,A2,B1,271.6747431
1552,39,4,32,A2,B1,256.9870115
1553,39,4,33,A2,B1,272.7927505
1554,39,4,34,A2,B1,213.1855188
1555,39,4,35,A2,B1,265.8905992
1556,39,4,36,A2,B1,233.6910647
1557,39,4,37,A2,B1,248.3051248
1558,39,4,38,A2,B1,257.0727498
1559,39,4,39,A2,B1,247.8160133
1560,39,4,40,A2,B1,300.8397656
1561,40,4,1,A2,B2,281.3691047
1562,40,4,2,A2,B2,304.5638387
1563,40,4,3,A2,B2,266.2120781
1564,40,4,4,A2,B2,230.0371017
1565,40,4,5,A2,B2,270.3740269
1566,40,4,6,A2,B2,292.7836719
1567,40,4,7,A2,B2,275.8830803
1568,40,4,8,A2,B2,279.8639012
1569,40,4,9,A2,B2,268.4646261
1570,40,4,10,A2,B2,255.0211322
1571,40,4,11,A1,B1,290.6850242
1572,40,4,12,A1,B1,259.8877232
1573,40,4,13,A1,B1,236.5471082
1574,40,4,14,A1,B1,306.8084028
1575,40,4,15,A1,B1,277.0552759
1576,40,4,16,A1,B1,259.8044021
1577,40,4,17,A1,B1,231.3968983
1578,40,4,18,A1,B1,259.136154
1579,40,4,19,A1,B1,234.427611
1580,40,4,20,A1,B1,231.1921975
1581,40,4,21,A1,B2,282.7698839
1582,40,4,22,A1,B2,250.4911216
1583,40,4,23,A1,B2,301.7182547
1584,40,4,24,A1,B2,331.3662191
1585,40,4,25,A1,B2,334.1081242
1586,40,4,26,A1,B2,288.3363116
1587,40,4,27,A1,B2,290.0896066
1588,40,4,28,A1,B2,319.0661764
1589,40,4,29,A1,B2,370.9589711
1590,40,4,30,A1,B2,303.1370537
1591,40,4,31,A2,B1,231.007344
1592,40,4,32,A2,B1,255.3930093
1593,40,4,33,A2,B1,249.5319969
1594,40,4,34,A2,B1,264.7354419
1595,40,4,35,A2,B1,255.4727647
1596,40,4,36,A2,B1,253.8503824
1597,40,4,37,A2,B1,279.3111199
1598,40,4,38,A2,B1,280.8972857
1599,40,4,39,A2,B1,246.7403888
1600,40,4,40,A2,B1,270.3968967
1601,41,1,1,A1,B1,206.4051752
1602,41,1,2,A1,B1,209.6837215
1603,41,1,3,A1,B1,246.6077518
1604,41,1,4,A1,B1,264.3923581
1605,41,1,5,A1,B1,208.6544254
1606,41,1,6,A1,B1,196.3823698
1607,41,1,7,A1,B1,179.7917849
1608,41,1,8,A1,B1,230.9775822
1609,41,1,9,A1,B1,224.2525698
1610,41,1,10,A1,B1,242.2116369
1611,41,1,11,A1,B2,239.3845902
1612,41,1,12,A1,B2,244.9490878
1613,41,1,13,A1,B2,271.0984509
1614,41,1,14,A1,B2,262.4183198
1615,41,1,15,A1,B2,234.6722254
1616,41,1,16,A1,B2,233.3980977
1617,41,1,17,A1,B2,249.3233817
1618,41,1,18,A1,B2,242.9875244
1619,41,1,19,A1,B2,198.1260984
1620,41,1,20,A1,B2,283.7953743
1621,41,1,21,A2,B1,224.0699386
1622,41,1,22,A2,B1,264.1374348
1623,41,1,23,A2,B1,266.3440607
1624,41,1,24,A2,B1,250.1118469
1625,41,1,25,A2,B1,225.2834093
1626,41,1,26,A2,B1,270.7503647
1627,41,1,27,A2,B1,286.8293779
1628,41,1,28,A2,B1,260.094739
1629,41,1,29,A2,B1,258.5544057
1630,41,1,30,A2,B1,242.659632
1631,41,1,31,A2,B2,290.4525358
1632,41,1,32,A2,B2,265.466959
1633,41,1,33,A2,B2,238.8769924
1634,41,1,34,A2,B2,268.8760554
1635,41,1,35,A2,B2,263.0653232
1636,41,1,36,A2,B2,275.9696049
1637,41,1,37,A2,B2,250.109481
1638,41,1,38,A2,B2,254.8520049
1639,41,1,39,A2,B2,278.296894
1640,41,1,40,A2,B2,273.7029335
1641,42,1,1,A1,B1,203.4956547
1642,42,1,2,A1,B1,230.0986737
1643,42,1,3,A1,B1,256.2172902
1644,42,1,4,A1,B1,249.086529
1645,42,1,5,A1,B1,207.8390629
1646,42,1,6,A1,B1,217.9759623
1647,42,1,7,A1,B1,239.2695111
1648,42,1,8,A1,B1,266.2899138
1649,42,1,9,A1,B1,205.0918355
1650,42,1,10,A1,B1,264.8326766
1651,42,1,11,A1,B2,230.2533299
1652,42,1,12,A1,B2,208.5760423
1653,42,1,13,A1,B2,233.6498052
1654,42,1,14,A1,B2,251.3774867
1655,42,1,15,A1,B2,227.3711356
1656,42,1,16,A1,B2,215.6323616
1657,42,1,17,A1,B2,196.7111141
1658,42,1,18,A1,B2,221.1121563
1659,42,1,19,A1,B2,173.8689623
1660,42,1,20,A1,B2,254.7554872
1661,42,1,21,A2,B1,254.714419
1662,42,1,22,A2,B1,247.9908617
1663,42,1,23,A2,B1,235.0087866
1664,42,1,24,A2,B1,203.504102
1665,42,1,25,A2,B1,260.0415758
1666,42,1,26,A2,B1,269.7143711
1667,42,1,27,A2,B1,239.1735173
1668,42,1,28,A2,B1,228.6345887
1669,42,1,29,A2,B1,201.5616673
1670,42,1,30,A2,B1,233.8847702
1671,42,1,31,A2,B2,241.9042085
1672,42,1,32,A2,B2,194.5352628
1673,42,1,33,A2,B2,215.2660123
1674,42,1,34,A2,B2,189.5423515
1675,42,1,35,A2,B2,228.4536992
1676,42,1,36,A2,B2,245.8145323
1677,42,1,37,A2,B2,222.5811751
1678,42,1,38,A2,B2,213.9058666
1679,42,1,39,A2,B2,221.2627621
1680,42,1,40,A2,B2,223.3562398
1681,43,4,1,A2,B2,238.536252
1682,43,4,2,A2,B2,279.6858636
1683,43,4,3,A2,B2,256.7001184
1684,43,4,4,A2,B2,240.1473991
1685,43,4,5,A2,B2,262.0805968
1686,43,4,6,A2,B2,275.8185152
1687,43,4,7,A2,B2,267.0571071
1688,43,4,8,A2,B2,273.1708334
1689,43,4,9,A2,B2,270.8347271
1690,43,4,10,A2,B2,258.5158121
1691,43,4,11,A1,B1,287.4868525
1692,43,4,12,A1,B1,235.8584092
1693,43,4,13,A1,B1,251.2380216
1694,43,4,14,A1,B1,236.3107107
1695,43,4,15,A1,B1,274.1379001
1696,43,4,16,A1,B1,272.0162414
1697,43,4,17,A1,B1,250.1867231
1698,43,4,18,A1,B1,234.9522024
1699,43,4,19,A1,B1,241.7022188
1700,43,4,20,A1,B1,253.4780913
1701,43,4,21,A1,B2,185.7301108
1702,43,4,22,A1,B2,226.7573472
1703,43,4,23,A1,B2,243.8685461
1704,43,4,24,A1,B2,290.5874601
1705,43,4,25,A1,B2,286.5111116
1706,43,4,26,A1,B2,241.7297034
1707,43,4,27,A1,B2,250.6269208
1708,43,4,28,A1,B2,263.4955221
1709,43,4,29,A1,B2,302.0786429
1710,43,4,30,A1,B2,256.5796806
1711,43,4,31,A2,B1,255.8244122
1712,43,4,32,A2,B1,232.9414163
1713,43,4,33,A2,B1,274.2096514
1714,43,4,34,A2,B1,267.0219007
1715,43,4,35,A2,B1,247.9737271
1716,43,4,36,A2,B1,280.7721927
1717,43,4,37,A2,B1,277.9697299
1718,43,4,38,A2,B1,262.1253563
1719,43,4,39,A2,B1,243.8502611
1720,43,4,40,A2,B1,258.5731871
1721,44,1,1,A1,B1,187.9457591
1722,44,1,2,A1,B1,242.8909633
1723,44,1,3,A1,B1,279.8863098
1724,44,1,4,A1,B1,269.3103067
1725,44,1,5,A1,B1,197.3437938
1726,44,1,6,A1,B1,220.8742596
1727,44,1,7,A1,B1,208.5984477
1728,44,1,8,A1,B1,276.2938289
1729,44,1,9,A1,B1,223.2623793
1730,44,1,10,A1,B1,253.128969
1731,44,1,11,A1,B2,252.4796723
1732,44,1,12,A1,B2,288.1877001
1733,44,1,13,A1,B2,269.3404248
1734,44,1,14,A1,B2,272.0788294
1735,44,1,15,A1,B2,274.7012154
1736,44,1,16,A1,B2,272.190977
1737,44,1,17,A1,B2,245.8732581
1738,44,1,18,A1,B2,283.7843754
1739,44,1,19,A1,B2,187.211168
1740,44,1,20,A1,B2,292.3919958
1741,44,1,21,A2,B1,273.2999801
1742,44,1,22,A2,B1,229.7456145
1743,44,1,23,A2,B1,228.1979556
1744,44,1,24,A2,B1,242.2408928
1745,44,1,25,A2,B1,247.0744151
1746,44,1,26,A2,B1,273.9299561
1747,44,1,27,A2,B1,284.1828539
1748,44,1,28,A2,B1,257.2632122
1749,44,1,29,A2,B1,277.5155186
1750,44,1,30,A2,B1,242.0573706
1751,44,1,31,A2,B2,254.8090648
1752,44,1,32,A2,B2,279.2373139
1753,44,1,33,A2,B2,252.8517992
1754,44,1,34,A2,B2,261.4896424
1755,44,1,35,A2,B2,238.6018441
1756,44,1,36,A2,B2,275.3206105
1757,44,1,37,A2,B2,271.8145451
1758,44,1,38,A2,B2,233.0792387
1759,44,1,39,A2,B2,250.7911703
1760,44,1,40,A2,B2,238.5515783
1761,45,1,1,A1,B1,231.782486
1762,45,1,2,A1,B1,
1763,45,1,3,A1,B1,
1764,45,1,4,A1,B1,
1765,45,1,5,A1,B1,
1766,45,1,6,A1,B1,232.4745043
1767,45,1,7,A1,B1,217.5057505
1768,45,1,8,A1,B1,293.2196952
1769,45,1,9,A1,B1,233.8295033
1770,45,1,10,A1,B1,243.7702777
1771,45,1,11,A1,B2,277.3496027
1772,45,1,12,A1,B2,227.6558101
1773,45,1,13,A1,B2,272.7567314
1774,45,1,14,A1,B2,283.5449923
1775,45,1,15,A1,B2,234.6205998
1776,45,1,16,A1,B2,287.851169
1777,45,1,17,A1,B2,249.4789752
1778,45,1,18,A1,B2,263.8365313
1779,45,1,19,A1,B2,198.5139982
1780,45,1,20,A1,B2,259.849203
1781,45,1,21,A2,B1,245.2867636
1782,45,1,22,A2,B1,249.12147
1783,45,1,23,A2,B1,255.5015915
1784,45,1,24,A2,B1,251.6362899
1785,45,1,25,A2,B1,218.5236243
1786,45,1,26,A2,B1,217.143609
1787,45,1,27,A2,B1,203.4751621
1788,45,1,28,A2,B1,249.6390485
1789,45,1,29,A2,B1,259.9277426
1790,45,1,30,A2,B1,238.6441111
1791,45,1,31,A2,B2,256.8709682
1792,45,1,32,A2,B2,249.3688494
1793,45,1,33,A2,B2,290.265935
1794,45,1,34,A2,B2,263.4637929
1795,45,1,35,A2,B2,220.7170627
1796,45,1,36,A2,B2,299.295111
1797,45,1,37,A2,B2,275.3690565
1798,45,1,38,A2,B2,231.8343741
1799,45,1,39,A2,B2,241.4901029
1800,45,1,40,A2,B2,269.8346035
1801,46,4,1,A2,B2,204.02681
1802,46,4,2,A2,B2,265.0403595
1803,46,4,3,A2,B2,221.7370526
1804,46,4,4,A2,B2,226.6075189
1805,46,4,5,A2,B2,210.66135
1806,46,4,6,A2,B2,210.1254493
1807,46,4,7,A2,B2,200.2586169
1808,46,4,8,A2,B2,219.5785729
1809,46,4,9,A2,B2,261.7768295
1810,46,4,10,A2,B2,195.7583761
1811,46,4,11,A1,B1,247.9282179
1812,46,4,12,A1,B1,233.451613
1813,46,4,13,A1,B1,221.4355864
1814,46,4,14,A1,B1,286.5750869
1815,46,4,15,A1,B1,266.1092786
1816,46,4,16,A1,B1,220.2317431
1817,46,4,17,A1,B1,238.6139634
1818,46,4,18,A1,B1,247.4982553
1819,46,4,19,A1,B1,207.3392589
1820,46,4,20,A1,B1,233.9012913
1821,46,4,21,A1,B2,216.0332759
1822,46,4,22,A1,B2,212.0792584
1823,46,4,23,A1,B2,198.9475635
1824,46,4,24,A1,B2,272.2248718
1825,46,4,25,A1,B2,286.7303438
1826,46,4,26,A1,B2,213.875551
1827,46,4,27,A1,B2,232.8842597
1828,46,4,28,A1,B2,231.2574446
1829,46,4,29,A1,B2,242.4225241
1830,46,4,30,A1,B2,250.6916163
1831,46,4,31,A2,B1,261.6803007
1832,46,4,32,A2,B1,206.1341512
1833,46,4,33,A2,B1,213.7979851
1834,46,4,34,A2,B1,211.9000714
1835,46,4,35,A2,B1,239.8627917
1836,46,4,36,A2,B1,218.9005409
1837,46,4,37,A2,B1,209.426944
1838,46,4,38,A2,B1,224.8429611
1839,46,4,39,A2,B1,237.1960952
1840,46,4,40,A2,B1,248.4087462
1841,47,2,1,A1,B2,198.6674596
1842,47,2,2,A1,B2,254.4659566
1843,47,2,3,A1,B2,224.072354
1844,47,2,4,A1,B2,263.4288572
1845,47,2,5,A1,B2,263.2807982
1846,47,2,6,A1,B2,236.3252949
1847,47,2,7,A1,B2,254.3791499
1848,47,2,8,A1,B2,265.4301231
1849,47,2,9,A1,B2,226.6912913
1850,47,2,10,A1,B2,227.2996002
1851,47,2,11,A2,B1,272.7757561
1852,47,2,12,A2,B1,241.034877
1853,47,2,13,A2,B1,221.0690904
1854,47,2,14,A2,B1,241.708483
1855,47,2,15,A2,B1,276.6834351
1856,47,2,16,A2,B1,229.4581463
1857,47,2,17,A2,B1,263.9439123
1858,47,2,18,A2,B1,250.6320037
1859,47,2,19,A2,B1,221.2447377
1860,47,2,20,A2,B1,240.1396005
1861,47,2,21,A2,B2,239.2157071
1862,47,2,22,A2,B2,207.6383981
1863,47,2,23,A2,B2,269.0701189
1864,47,2,24,A2,B2,253.4696713
1865,47,2,25,A2,B2,287.4492447
1866,47,2,26,A2,B2,254.9718443
1867,47,2,27,A2,B2,249.5800914
1868,47,2,28,A2,B2,249.6458485
1869,47,2,29,A2,B2,263.5108018
1870,47,2,30,A2,B2,244.0109928
1871,47,2,31,A1,B1,213.0666424
1872,47,2,32,A1,B1,242.6129623
1873,47,2,33,A1,B1,279.5440016
1874,47,2,34,A1,B1,242.0770995
1875,47,2,35,A1,B1,259.4451668
1876,47,2,36,A1,B1,229.9274745
1877,47,2,37,A1,B1,242.7762112
1878,47,2,38,A1,B1,247.1775657
1879,47,2,39,A1,B1,249.8779322
1880,47,2,40,A1,B1,239.7161221
1881,48,2,1,A1,B2,217.9102365
1882,48,2,2,A1,B2,224.1864582
1883,48,2,3,A1,B2,228.8058488
1884,48,2,4,A1,B2,253.7310681
1885,48,2,5,A1,B2,185.5747582
1886,48,2,6,A1,B2,264.9381441
1887,48,2,7,A1,B2,236.1696137
1888,48,2,8,A1,B2,241.3144335
1889,48,2,9,A1,B2,219.7478802
1890,48,2,10,A1,B2,172.7475706
1891,48,2,11,A2,B1,239.9551184
1892,48,2,12,A2,B1,240.140759
1893,48,2,13,A2,B1,247.8249669
1894,48,2,14,A2,B1,244.9274161
1895,48,2,15,A2,B1,259.8046297
1896,48,2,16,A2,B1,221.785259
1897,48,2,17,A2,B1,257.0203384
1898,48,2,18,A2,B1,281.381631
1899,48,2,19,A2,B1,195.0762451
1900,48,2,20,A2,B1,243.8849532
1901,48,2,21,A2,B2,255.009515
1902,48,2,22,A2,B2,266.4816719
1903,48,2,23,A2,B2,284.2650671
1904,48,2,24,A2,B2,260.7856937
1905,48,2,25,A2,B2,313.3924074
1906,48,2,26,A2,B2,293.9334129
1907,48,2,27,A2,B2,299.5670163
1908,48,2,28,A2,B2,319.6446597
1909,48,2,29,A2,B2,261.3921017
1910,48,2,30,A2,B2,274.2575273
1911,48,2,31,A1,B1,214.6637043
1912,48,2,32,A1,B1,188.2773293
1913,48,2,33,A1,B1,242.5708569
1914,48,2,34,A1,B1,217.9702285
1915,48,2,35,A1,B1,209.7949289
1916,48,2,36,A1,B1,258.4525187
1917,48,2,37,A1,B1,222.5799402
1918,48,2,38,A1,B1,218.3843565
1919,48,2,39,A1,B1,204.9927554
1920,48,2,40,A1,B1,259.4458121
1921,49,4,1,A2,B2,283.5830092
1922,49,4,2,A2,B2,279.7466705
1923,49,4,3,A2,B2,303.8118762
1924,49,4,4,A2,B2,256.0739377
1925,49,4,5,A2,B2,262.7059821
1926,49,4,6,A2,B2,292.5336822
1927,49,4,7,A2,B2,268.6260568
1928,49,4,8,A2,B2,287.2671402
1929,49,4,9,A2,B2,287.6714902
1930,49,4,10,A2,B2,243.1814425
1931,49,4,11,A1,B1,300.8930269
1932,49,4,12,A1,B1,250.0316001
1933,49,4,13,A1,B1,266.8759364
1934,49,4,14,A1,B1,280.9193084
1935,49,4,15,A1,B1,260.5062268
1936,49,4,16,A1,B1,262.4587312
1937,49,4,17,A1,B1,248.2384163
1938,49,4,18,A1,B1,246.6128385
1939,49,4,19,A1,B1,251.3776704
1940,49,4,20,A1,B1,288.4053727
1941,49,4,21,A1,B2,254.8393678
1942,49,4,22,A1,B2,240.7108926
1943,49,4,23,A1,B2,306.5401515
1944,49,4,24,A1,B2,362.1399967
1945,49,4,25,A1,B2,331.5873455
1946,49,4,26,A1,B2,289.5412964
1947,49,4,27,A1,B2,288.9728764
1948,49,4,28,A1,B2,310.7124594
1949,49,4,29,A1,B2,347.8786178
1950,49,4,30,A1,B2,306.7764215
1951,49,4,31,A2,B1,285.3609497
1952,49,4,32,A2,B1,266.3800263
1953,49,4,33,A2,B1,282.7595871
1954,49,4,34,A2,B1,230.0069384
1955,49,4,35,A2,B1,274.7815186
1956,49,4,36,A2,B1,265.1009576
1957,49,4,37,A2,B1,237.7601186
1958,49,4,38,A2,B1,296.5665481
1959,49,4,39,A2,B1,281.9846795
1960,49,4,40,A2,B1,235.2010899
1961,50,3,1,A2,B1,307.2789587
1962,50,3,2,A2,B1,302.1916285
1963,50,3,3,A2,B1,237.2685236
1964,50,3,4,A2,B1,277.5436015
1965,50,3,5,A2,B1,223.9674965
1966,50,3,6,A2,B1,248.5598482
1967,50,3,7,A2,B1,257.1241306
1968,50,3,8,A2,B1,249.5517343
1969,50,3,9,A2,B1,256.756708
1970,50,3,10,A2,B1,266.6050998
1971,50,3,11,A2,B2,266.4514319
1972,50,3,12,A2,B2,269.5902612
1973,50,3,13,A2,B2,262.7713009
1974,50,3,14,A2,B2,238.5377344
1975,50,3,15,A2,B2,286.6631936
1976,50,3,16,A2,B2,258.4124393
1977,50,3,17,A2,B2,283.9054539
1978,50,3,18,A2,B2,276.7878031
1979,50,3,19,A2,B2,264.9044365
1980,50,3,20,A2,B2,282.5606121
1981,50,3,21,A1,B1,237.5296455
1982,50,3,22,A1,B1,247.9236765
1983,50,3,23,A1,B1,245.2066341
1984,50,3,24,A1,B1,263.1086052
1985,50,3,25,A1,B1,277.5252338
1986,50,3,26,A1,B1,273.6988773
1987,50,3,27,A1,B1,258.4784931
1988,50,3,28,A1,B1,276.450954
1989,50,3,29,A1,B1,297.426659
1990,50,3,30,A1,B1,258.5599145
1991,50,3,31,A1,B2,243.7914775
1992,50,3,32,A1,B2,299.9979379
1993,50,3,33,A1,B2,287.541047
1994,50,3,34,A1,B2,276.7423283
1995,50,3,35,A1,B2,282.3337833
1996,50,3,36,A1,B2,263.7048487
1997,50,3,37,A1,B2,267.9777658
1998,50,3,38,A1,B2,264.6809499
1999,50,3,39,A1,B2,253.2119368
2000,50,3,40,A1,B2,316.6854476
2001,51,2,1,A1,B2,185.8759149
2002,51,2,2,A1,B2,267.8656053
2003,51,2,3,A1,B2,240.1141013
2004,51,2,4,A1,B2,253.8996453
2005,51,2,5,A1,B2,241.9392489
2006,51,2,6,A1,B2,261.5831245
2007,51,2,7,A1,B2,239.5844276
2008,51,2,8,A1,B2,258.4625522
2009,51,2,9,A1,B2,230.9679289
2010,51,2,10,A1,B2,195.7485713
2011,51,2,11,A2,B1,236.830891
2012,51,2,12,A2,B1,252.5749039
2013,51,2,13,A2,B1,191.5235461
2014,51,2,14,A2,B1,257.5059556
2015,51,2,15,A2,B1,257.4430263
2016,51,2,16,A2,B1,238.9636733
2017,51,2,17,A2,B1,266.9048624
2018,51,2,18,A2,B1,248.762859
2019,51,2,19,A2,B1,240.6133901
2020,51,2,20,A2,B1,254.3063447
2021,51,2,21,A2,B2,204.9638299
2022,51,2,22,A2,B2,205.7707681
2023,51,2,23,A2,B2,268.0555316
2024,51,2,24,A2,B2,266.1302305
2025,51,2,25,A2,B2,293.6136329
2026,51,2,26,A2,B2,270.7736721
2027,51,2,27,A2,B2,241.9362485
2028,51,2,28,A2,B2,234.8187387
2029,51,2,29,A2,B2,276.5417342
2030,51,2,30,A2,B2,253.5476446
2031,51,2,31,A1,B1,219.2754568
2032,51,2,32,A1,B1,229.8058502
2033,51,2,33,A1,B1,278.7516109
2034,51,2,34,A1,B1,235.404105
2035,51,2,35,A1,B1,250.9640109
2036,51,2,36,A1,B1,224.7882308
2037,51,2,37,A1,B1,232.5093422
2038,51,2,38,A1,B1,246.9463437
2039,51,2,39,A1,B1,236.7488945
2040,51,2,40,A1,B1,249.2433018
2041,52,4,1,A2,B2,276.0574235
2042,52,4,2,A2,B2,285.9195813
2043,52,4,3,A2,B2,313.3765393
2044,52,4,4,A2,B2,267.3413932
2045,52,4,5,A2,B2,274.6397479
2046,52,4,6,A2,B2,295.58683
2047,52,4,7,A2,B2,261.960324
2048,52,4,8,A2,B2,283.207337
2049,52,4,9,A2,B2,275.0536129
2050,52,4,10,A2,B2,266.8162573
2051,52,4,11,A1,B1,269.6474704
2052,52,4,12,A1,B1,251.410664
2053,52,4,13,A1,B1,232.3259136
2054,52,4,14,A1,B1,277.2991235
2055,52,4,15,A1,B1,272.6871691
2056,52,4,16,A1,B1,255.7764299
2057,52,4,17,A1,B1,236.2244774
2058,52,4,18,A1,B1,248.1956748
2059,52,4,19,A1,B1,212.4663985
2060,52,4,20,A1,B1,242.1102043
2061,52,4,21,A1,B2,249.6008604
2062,52,4,22,A1,B2,227.3875261
2063,52,4,23,A1,B2,264.1002794
2064,52,4,24,A1,B2,342.9618925
2065,52,4,25,A1,B2,314.6320096
2066,52,4,26,A1,B2,266.3129431
2067,52,4,27,A1,B2,288.2183867
2068,52,4,28,A1,B2,268.6501028
2069,52,4,29,A1,B2,319.5203563
2070,52,4,30,A1,B2,289.901533
2071,52,4,31,A2,B1,225.499042
2072,52,4,32,A2,B1,225.934733
2073,52,4,33,A2,B1,281.8640407
2074,52,4,34,A2,B1,242.8191444
2075,52,4,35,A2,B1,272.4921274
2076,52,4,36,A2,B1,256.1626787
2077,52,4,37,A2,B1,265.8986993
2078,52,4,38,A2,B1,239.7324054
2079,52,4,39,A2,B1,255.1507777
2080,52,4,40,A2,B1,272.0346819
2081,53,3,1,A2,B1,230.2463865
2082,53,3,2,A2,B1,279.4298074
2083,53,3,3,A2,B1,230.0407269
2084,53,3,4,A2,B1,184.4730395
2085,53,3,5,A2,B1,230.4015785
2086,53,3,6,A2,B1,203.1509505
2087,53,3,7,A2,B1,215.4765562
2088,53,3,8,A2,B1,244.8590799
2089,53,3,9,A2,B1,211.7324005
2090,53,3,10,A2,B1,218.8510992
2091,53,3,11,A2,B2,232.0576511
2092,53,3,12,A2,B2,292.6011998
2093,53,3,13,A2,B2,238.3782845
2094,53,3,14,A2,B2,287.0572279
2095,53,3,15,A2,B2,264.3941782
2096,53,3,16,A2,B2,271.6952444
2097,53,3,17,A2,B2,249.5043651
2098,53,3,18,A2,B2,241.8749523
2099,53,3,19,A2,B2,247.7842696
2100,53,3,20,A2,B2,279.9160156
2101,53,3,21,A1,B1,244.4874198
2102,53,3,22,A1,B1,264.9203086
2103,53,3,23,A1,B1,235.477675
2104,53,3,24,A1,B1,255.602161
2105,53,3,25,A1,B1,231.826196
2106,53,3,26,A1,B1,253.6934367
2107,53,3,27,A1,B1,262.0323698
2108,53,3,28,A1,B1,250.2509269
2109,53,3,29,A1,B1,288.5961875
2110,53,3,30,A1,B1,260.3540237
2111,53,3,31,A1,B2,194.7674311
2112,53,3,32,A1,B2,246.0183112
2113,53,3,33,A1,B2,255.4027831
2114,53,3,34,A1,B2,233.2433527
2115,53,3,35,A1,B2,208.6525236
2116,53,3,36,A1,B2,230.9368894
2117,53,3,37,A1,B2,248.5356846
2118,53,3,38,A1,B2,219.6826884
2119,53,3,39,A1,B2,236.7721224
2120,53,3,40,A1,B2,4000
2121,54,3,1,A2,B1,4000
2122,54,3,2,A2,B1,247.1982285
2123,54,3,3,A2,B1,252.8734267
2124,54,3,4,A2,B1,253.2792995
2125,54,3,5,A2,B1,262.5067737
2126,54,3,6,A2,B1,203.143113
2127,54,3,7,A2,B1,258.9837959
2128,54,3,8,A2,B1,254.6422082
2129,54,3,9,A2,B1,236.0376815
2130,54,3,10,A2,B1,228.3438241
2131,54,3,11,A2,B2,252.6212182
2132,54,3,12,A2,B2,296.6550731
2133,54,3,13,A2,B2,266.9716912
2134,54,3,14,A2,B2,243.6596357
2135,54,3,15,A2,B2,283.8839127
2136,54,3,16,A2,B2,278.5670798
2137,54,3,17,A2,B2,279.7658959
2138,54,3,18,A2,B2,251.7706386
2139,54,3,19,A2,B2,216.103649
2140,54,3,20,A2,B2,265.3804349
2141,54,3,21,A1,B1,253.8368523
2142,54,3,22,A1,B1,247.5243292
2143,54,3,23,A1,B1,227.9603506
2144,54,3,24,A1,B1,254.1745541
2145,54,3,25,A1,B1,246.7527535
2146,54,3,26,A1,B1,267.2060805
2147,54,3,27,A1,B1,265.2533178
2148,54,3,28,A1,B1,262.4940633
2149,54,3,29,A1,B1,280.5679032
2150,54,3,30,A1,B1,254.015384
2151,54,3,31,A1,B2,208.7215944
2152,54,3,32,A1,B2,254.837845
2153,54,3,33,A1,B2,262.9771318
2154,54,3,34,A1,B2,232.6364958
2155,54,3,35,A1,B2,254.6310735
2156,54,3,36,A1,B2,237.8502771
2157,54,3,37,A1,B2,245.4521277
2158,54,3,38,A1,B2,245.7836151
2159,54,3,39,A1,B2,233.271255
2160,54,3,40,A1,B2,292.6598525
2161,55,3,1,A2,B1,211.16374
2162,55,3,2,A2,B1,237.3777446
2163,55,3,3,A2,B1,244.1851875
2164,55,3,4,A2,B1,229.1720698
2165,55,3,5,A2,B1,182.607696
2166,55,3,6,A2,B1,223.878283
2167,55,3,7,A2,B1,230.3452146
2168,55,3,8,A2,B1,257.4216511
2169,55,3,9,A2,B1,205.3689073
2170,55,3,10,A2,B1,228.4494461
2171,55,3,11,A2,B2,226.2486418
2172,55,3,12,A2,B2,260.2454811
2173,55,3,13,A2,B2,217.0364989
2174,55,3,14,A2,B2,258.1922638
2175,55,3,15,A2,B2,265.5538261
2176,55,3,16,A2,B2,235.9242231
2177,55,3,17,A2,B2,216.6693735
2178,55,3,18,A2,B2,4000
2179,55,3,19,A2,B2,226.58291
2180,55,3,20,A2,B2,238.2352394
2181,55,3,21,A1,B1,276.5188508
2182,55,3,22,A1,B1,232.9646847
2183,55,3,23,A1,B1,241.3752459
2184,55,3,24,A1,B1,291.3374817
2185,55,3,25,A1,B1,263.3023722
2186,55,3,26,A1,B1,289.0134391
2187,55,3,27,A1,B1,279.3519407
2188,55,3,28,A1,B1,265.9297001
2189,55,3,29,A1,B1,300.8217726
2190,55,3,30,A1,B1,241.0763297
2191,55,3,31,A1,B2,218.2416913
2192,55,3,32,A1,B2,264.3229992
2193,55,3,33,A1,B2,280.1462978
2194,55,3,34,A1,B2,274.89836
2195,55,3,35,A1,B2,231.1550111
2196,55,3,36,A1,B2,259.5727895
2197,55,3,37,A1,B2,237.3399783
2198,55,3,38,A1,B2,245.5566138
2199,55,3,39,A1,B2,240.1048191
2200,55,3,40,A1,B2,261.2195738
2201,56,4,1,A2,B2,222.84966
2202,56,4,2,A2,B2,229.7158524
2203,56,4,3,A2,B2,260.0856935
2204,56,4,4,A2,B2,198.9760811
2205,56,4,5,A2,B2,258.0995604
2206,56,4,6,A2,B2,252.6565694
2207,56,4,7,A2,B2,223.90522
2208,56,4,8,A2,B2,206.8550304
2209,56,4,9,A2,B2,260.5015708
2210,56,4,10,A2,B2,199.7317512
2211,56,4,11,A1,B1,248.0751794
2212,56,4,12,A1,B1,245.3760598
2213,56,4,13,A1,B1,257.3452733
2214,56,4,14,A1,B1,289.6409433
2215,56,4,15,A1,B1,272.1934712
2216,56,4,16,A1,B1,209.3213821
2217,56,4,17,A1,B1,211.5973868
2218,56,4,18,A1,B1,246.2837779
2219,56,4,19,A1,B1,205.7284251
2220,56,4,20,A1,B1,253.5519717
2221,56,4,21,A1,B2,195.5333982
2222,56,4,22,A1,B2,185.2950244
2223,56,4,23,A1,B2,216.0803673
2224,56,4,24,A1,B2,286.514525
2225,56,4,25,A1,B2,243.7669226
2226,56,4,26,A1,B2,254.4444141
2227,56,4,27,A1,B2,224.1891447
2228,56,4,28,A1,B2,238.0472417
2229,56,4,29,A1,B2,257.3283525
2230,56,4,30,A1,B2,242.3324876
2231,56,4,31,A2,B1,210.2640592
2232,56,4,32,A2,B1,221.5313889
2233,56,4,33,A2,B1,192.3697711
2234,56,4,34,A2,B1,217.3474892
2235,56,4,35,A2,B1,227.448895
2236,56,4,36,A2,B1,214.1414812
2237,56,4,37,A2,B1,192.7911534
2238,56,4,38,A2,B1,222.4851341
2239,56,4,39,A2,B1,237.0584479
2240,56,4,40,A2,B1,246.2915073
2241,57,3,1,A2,B1,249.9767894
2242,57,3,2,A2,B1,290.1314233
2243,57,3,3,A2,B1,297.5084036
2244,57,3,4,A2,B1,267.0950913
2245,57,3,5,A2,B1,294.3871286
2246,57,3,6,A2,B1,270.4097129
2247,57,3,7,A2,B1,246.9738796
2248,57,3,8,A2,B1,282.4672278
2249,57,3,9,A2,B1,292.6180707
2250,57,3,10,A2,B1,293.6537868
2251,57,3,11,A2,B2,292.7273038
2252,57,3,12,A2,B2,332.606722
2253,57,3,13,A2,B2,319.9574719
2254,57,3,14,A2,B2,271.5747682
2255,57,3,15,A2,B2,307.0606769
2256,57,3,16,A2,B2,305.0380327
2257,57,3,17,A2,B2,278.642678
2258,57,3,18,A2,B2,317.5081389
2259,57,3,19,A2,B2,262.7331217
2260,57,3,20,A2,B2,332.4256332
2261,57,3,21,A1,B1,228.2293467
2262,57,3,22,A1,B1,261.5978459
2263,57,3,23,A1,B1,256.9293096
2264,57,3,24,A1,B1,274.7197919
2265,57,3,25,A1,B1,264.8806134
2266,57,3,26,A1,B1,251.7339059
2267,57,3,27,A1,B1,300.1305476
2268,57,3,28,A1,B1,292.2908183
2269,57,3,29,A1,B1,265.7203593
2270,57,3,30,A1,B1,245.1879436
2271,57,3,31,A1,B2,215.136631
2272,57,3,32,A1,B2,279.4972435
2273,57,3,33,A1,B2,297.139631
2274,57,3,34,A1,B2,244.5745056
2275,57,3,35,A1,B2,289.8844548
2276,57,3,36,A1,B2,262.7494112
2277,57,3,37,A1,B2,276.6749541
2278,57,3,38,A1,B2,269.5429578
2279,57,3,39,A1,B2,286.1390566
2280,57,3,40,A1,B2,302.8540108
2281,58,2,1,A1,B2,213.729763
2282,58,2,2,A1,B2,254.8048068
2283,58,2,3,A1,B2,232.2902492
2284,58,2,4,A1,B2,229.4620902
2285,58,2,5,A1,B2,209.8046084
2286,58,2,6,A1,B2,249.6338819
2287,58,2,7,A1,B2,220.7022996
2288,58,2,8,A1,B2,249.6819437
2289,58,2,9,A1,B2,219.3360491
2290,58,2,10,A1,B2,217.099361
2291,58,2,11,A2,B1,232.8301581
2292,58,2,12,A2,B1,248.4279401
2293,58,2,13,A2,B1,230.9458433
2294,58,2,14,A2,B1,235.5317114
2295,58,2,15,A2,B1,249.9080273
2296,58,2,16,A2,B1,216.1224958
2297,58,2,17,A2,B1,242.8578451
2298,58,2,18,A2,B1,282.1149185
2299,58,2,19,A2,B1,0
2300,58,2,20,A2,B1,0
2301,58,2,21,A2,B2,0
2302,58,2,22,A2,B2,0
2303,58,2,23,A2,B2,0
2304,58,2,24,A2,B2,311.5487392
2305,58,2,25,A2,B2,289.9777915
2306,58,2,26,A2,B2,290.0208462
2307,58,2,27,A2,B2,278.0756402
2308,58,2,28,A2,B2,256.5278732
2309,58,2,29,A2,B2,250.1332397
2310,58,2,30,A2,B2,254.7115352
2311,58,2,31,A1,B1,226.455743
2312,58,2,32,A1,B1,204.2257737
2313,58,2,33,A1,B1,259.416703
2314,58,2,34,A1,B1,237.0191686
2315,58,2,35,A1,B1,215.3990797
2316,58,2,36,A1,B1,238.3547745
2317,58,2,37,A1,B1,266.304006
2318,58,2,38,A1,B1,231.1776008
2319,58,2,39,A1,B1,247.107146
2320,58,2,40,A1,B1,249.5465567
2321,59,3,1,A2,B1,212.8641295
2322,59,3,2,A2,B1,231.1345474
2323,59,3,3,A2,B1,207.3393519
2324,59,3,4,A2,B1,255.3262773
2325,59,3,5,A2,B1,222.1789581
2326,59,3,6,A2,B1,211.9238253
2327,59,3,7,A2,B1,209.9609257
2328,59,3,8,A2,B1,275.0635437
2329,59,3,9,A2,B1,221.6624365
2330,59,3,10,A2,B1,226.0802423
2331,59,3,11,A2,B2,210.4298149
2332,59,3,12,A2,B2,216.5800968
2333,59,3,13,A2,B2,197.7843513
2334,59,3,14,A2,B2,179.3586991
2335,59,3,15,A2,B2,218.5552452
2336,59,3,16,A2,B2,191.3144272
2337,59,3,17,A2,B2,168.8967298
2338,59,3,18,A2,B2,190.7484093
2339,59,3,19,A2,B2,177.1294244
2340,59,3,20,A2,B2,177.6225753
2341,59,3,21,A1,B1,212.357931
2342,59,3,22,A1,B1,314.8627939
2343,59,3,23,A1,B1,251.5128308
2344,59,3,24,A1,B1,264.6153307
2345,59,3,25,A1,B1,253.7869138
2346,59,3,26,A1,B1,267.6685841
2347,59,3,27,A1,B1,304.2560759
2348,59,3,28,A1,B1,264.8246057
2349,59,3,29,A1,B1,288.089486
2350,59,3,30,A1,B1,285.2655486
2351,59,3,31,A1,B2,191.4460767
2352,59,3,32,A1,B2,231.8926263
2353,59,3,33,A1,B2,228.7570503
2354,59,3,34,A1,B2,224.6580884
2355,59,3,35,A1,B2,194.7234613
2356,59,3,36,A1,B2,161.5994412
2357,59,3,37,A1,B2,228.582134
2358,59,3,38,A1,B2,168.2578076
2359,59,3,39,A1,B2,188.9985085
2360,59,3,40,A1,B2,262.1299046
2361,last,3,1,A2,B1,241.209421
2362,last,3,2,A2,B1,281.0244809
2363,last,3,3,A2,B1,234.6385885
2364,last,3,4,A2,B1,227.1036475
2365,last,3,5,A2,B1,246.3742552
2366,last,3,6,A2,B1,251.0369021
2367,last,3,7,A2,B1,257.7754481
2368,last,3,8,A2,B1,253.7434801
2369,last,3,9,A2,B1,220.9820924
2370,last,3,10,A2,B1,251.2136669
2371,last,3,11,A2,B2,254.2279523
2372,last,3,12,A2,B2,255.788695
2373,last,3,13,A2,B2,273.3649263
2374,last,3,14,A2,B2,298.0600749
2375,last,3,15,A2,B2,283.6210396
2376,last,3,16,A2,B2,290.9328383
2377,last,3,17,A2,B2,293.9560874
2378,last,3,18,A2,B2,251.970934
2379,last,3,19,A2,B2,269.3570389
2380,last,3,20,A2,B2,299.7217602
2381,last,3,21,A1,B1,218.963497
2382,last,3,22,A1,B1,239.7098047
2383,last,3,23,A1,B1,224.0953386
2384,last,3,24,A1,B1,249.9473303
2385,last,3,25,A1,B1,232.7960639
2386,last,3,26,A1,B1,224.8994906
2387,last,3,27,A1,B1,312.0633391
2388,last,3,28,A1,B1,288.5958189
2389,last,3,29,A1,B1,269.4758743
2390,last,3,30,A1,B1,253.0335041
2391,last,3,31,A1,B2,231.8351343
2392,last,3,32,A1,B2,237.4329546
2393,last,3,33,A1,B2,294.6074325
2394,last,3,34,A1,B2,227.5531879
2395,last,3,35,A1,B2,246.5487955
2396,last,3,36,A1,B2,209.5670112
2397,last,3,37,A1,B2,270.0274738
2398,last,3,38,A1,B2,243.138144
2399,last,3,39,A1,B2,235.9109218
2400,last,3,40,A1,B2,-200