subj_id,list_id,item_id,A,Y,,,,,,
1,2,1,A2,433.7517,,,,,,
1,2,2,A2,402.532,,2,,,,
1,2,3,A2,453.9252,,3,,,,
1,2,4,A2,498.6233,,4,,,,
1,2,5,A2,431.7651,,5,,,,
1,2,6,A2,417.7431,,6,,,,
1,2,7,A2,459.4709,,7,,,,
1,2,8,A2,506.9986,,8,,,,
1,2,9,A2,302.7364,,9,,,,
1,2,10,A2,334.4512,,10,,,,
1,2,11,A2,462.6049,,11,,,,
1,2,12,A2,401.5853,,12,,,,
1,2,13,A2,493.7239,,13,,,,
1,2,14,A2,293.9422,,14,,,,
1,2,15,A2,318.5726,,15,,,,
1,2,16,A2,369.602,,16,,,,
1,2,17,A2,366.4544,,17,,,,
1,2,18,A2,440.7305,,18,,,,
1,2,19,A2,561.31,,19,,,,
1,2,20,A2,424.6087,,20,,,,
1,2,21,A1,441.6471,,21,,,,
1,2,22,A1,326.0772,,22,,,,
1,2,23,A1,346.3572,,23,,,,
1,2,24,A1,452.0995,,24,,,,
1,2,25,A1,389.2061,,25,,,,
1,2,26,A1,363.7889,,26,,,,
1,2,27,A1,382.3136,,27,,,,
1,2,28,A1,417.6314,,28,,,,
1,2,29,A1,412.5991,,29,,,,
1,2,30,A1,320.0204,,30,,,,
1,2,31,A1,423.2454,,31,,,,
1,2,32,A1,190.1604,,32,,,,
1,2,33,A1,609.5618,,33,,,,
1,2,34,A1,389.6964,,34,,,,
1,2,35,A1,184.268,,35,,,,
1,2,36,A1,429.9707,,36,,,,
1,2,37,A1,394.1536,,37,,,,
1,2,38,A1,459.4635,,38,,,,
1,2,39,A1,315.9129,,39,,,,
1,2,40,A1,440.5141,,40,,,,
2,1,1,A1,291.5721271,,"Showing 24 to 40 of 40 entries, 1 total columns",,,,
2,1,2,A1,310.6281271,,,,,,
2,1,3,A1,303.839621,,,,,,
2,1,4,A1,292.0914678,,,,,,
2,1,5,A1,300.2318757,,,,,,
2,1,6,A1,306.7399595,,,,,,
2,1,7,A1,310.4449879,,,,,,
2,1,8,A1,313.9602796,,,,,,
2,1,9,A1,299.2920305,,,,,,
2,1,10,A1,315.3934971,,,,,,
2,1,11,A1,311.1355816,,,,,,
2,1,12,A1,302.7872048,,,,,,
2,1,13,A1,290.3626302,,,,,,
2,1,14,A1,301.8113541,,,,,,
2,1,15,A1,310.5600782,,,,,,
2,1,16,A1,318.7281938,,,,,,
2,1,17,A1,302.1299468,,,,,,
2,1,18,A1,310.8913534,,,,,,
2,1,19,A1,327.5860232,,,,,,
2,1,20,A1,301.8677941,,,,,,
2,1,21,A2,395.6625969,,,,,,
2,1,22,A2,398.586169,,,,,,
2,1,23,A2,402.502573,,,,,,
2,1,24,A2,390.3361802,,,,,,
2,1,25,A2,399.8732774,,,,,,
2,1,26,A2,404.3551489,,,,,,
2,1,27,A2,398.996909,,,,,,
2,1,28,A2,397.6547082,,,,,,
2,1,29,A2,401.014009,,,,,,
2,1,30,A2,399.6954538,,,,,,
2,1,31,A2,411.2308639,,,,,,
2,1,32,A2,397.2984177,,,,,,
2,1,33,A2,404.9529919,,,,,,
2,1,34,A2,398.5106838,,,,,,
2,1,35,A2,409.1890057,,,,,,
2,1,36,A2,405.5126426,,,,,,
2,1,37,A2,397.6101748,,,,,,
2,1,38,A2,397.212751,,,,,,
2,1,39,A2,398.7235572,,,,,,
2,1,40,A2,403.9765763,,,,,,
3,1,1,A1,286.3657163,,,,,,
3,1,2,A1,301.0408782,,,,,,
3,1,3,A1,272.6470342,,,,,,
3,1,4,A1,282.6953881,,,,,,
3,1,5,A1,288.8992109,,,,,,
3,1,6,A1,296.3671375,,,,,,
3,1,7,A1,295.8824997,,,,,,
3,1,8,A1,303.0413254,,,,,,
3,1,9,A1,283.4668145,,,,,,
3,1,10,A1,304.7675718,,,,,,
3,1,11,A1,293.7498177,,,,,,
3,1,12,A1,288.2087359,,,,,,
3,1,13,A1,289.4869272,,,,,,
3,1,14,A1,282.5655524,,,,,,
3,1,15,A1,295.3565275,,,,,,
3,1,16,A1,301.4478764,,,,,,
3,1,17,A1,283.8008832,,,,,,
3,1,18,A1,305.3202494,,,,,,
3,1,19,A1,312.7074008,,,,,,
3,1,20,A1,288.3218561,,,,,,
3,1,21,A2,384.9147743,,,,,,
3,1,22,A2,405.6957292,,,,,,
3,1,23,A2,400.8477101,,,,,,
3,1,24,A2,389.2761054,,,,,,
3,1,25,A2,405.4275024,,,,,,
3,1,26,A2,395.8781706,,,,,,
3,1,27,A2,396.9400796,,,,,,
3,1,28,A2,390.2035522,,,,,,
3,1,29,A2,401.3442461,,,,,,
3,1,30,A2,400.0005535,,,,,,
3,1,31,A2,398.4493056,,,,,,
3,1,32,A2,392.2669828,,,,,,
3,1,33,A2,403.2019805,,,,,,
3,1,34,A2,391.5123812,,,,,,
3,1,35,A2,401.7462611,,,,,,
3,1,36,A2,404.9579182,,,,,,
3,1,37,A2,402.2642281,,,,,,
3,1,38,A2,399.8532779,,,,,,
3,1,39,A2,392.0203658,,,,,,
3,1,40,A2,400.1555124,,,,,,
4,1,1,A1,279.4499245,,,,,,
4,1,2,A1,281.8909952,,,,,,
4,1,3,A1,276.659323,,,,,,
4,1,4,A1,280.8956813,,,,,,
4,1,5,A1,281.6372082,,,,,,
4,1,6,A1,293.6378974,,,,,,
4,1,7,A1,302.6535936,,,,,,
4,1,8,A1,294.9902616,,,,,,
4,1,9,A1,281.1495598,,,,,,
4,1,10,A1,295.8771319,,,,,,
4,1,11,A1,289.4840708,,,,,,
4,1,12,A1,278.3904441,,,,,,
4,1,13,A1,273.8449443,,,,,,
4,1,14,A1,284.9567074,,,,,,
4,1,15,A1,281.1706622,,,,,,
4,1,16,A1,287.4180395,,,,,,
4,1,17,A1,272.1884007,,,,,,
4,1,18,A1,303.6816769,,,,,,
4,1,19,A1,296.0059065,,,,,,
4,1,20,A1,290.0219539,,,,,,
4,1,21,A2,387.0100268,,,,,,
4,1,22,A2,401.3333064,,,,,,
4,1,23,A2,388.1045629,,,,,,
4,1,24,A2,400.2696431,,,,,,
4,1,25,A2,411.1186851,,,,,,
4,1,26,A2,403.2494452,,,,,,
4,1,27,A2,397.2186623,,,,,,
4,1,28,A2,397.575169,,,,,,
4,1,29,A2,393.4018031,,,,,,
4,1,30,A2,389.6669607,,,,,,
4,1,31,A2,404.1373076,,,,,,
4,1,32,A2,400.3185106,,,,,,
4,1,33,A2,404.9623267,,,,,,
4,1,34,A2,392.0524704,,,,,,
4,1,35,A2,390.0475779,,,,,,
4,1,36,A2,410.2651464,,,,,,
4,1,37,A2,395.9286931,,,,,,
4,1,38,A2,392.4027244,,,,,,
4,1,39,A2,395.2335619,,,,,,
4,1,40,A2,408.2324975,,,,,,
5,1,1,A1,304.52996,,,,,,
5,1,2,A1,294.6071384,,,,,,
5,1,3,A1,296.5488776,,,,,,
5,1,4,A1,284.6450896,,,,,,
5,1,5,A1,302.3843837,,,,,,
5,1,6,A1,305.3628626,,,,,,
5,1,7,A1,307.3194731,,,,,,
5,1,8,A1,312.8574598,,,,,,
5,1,9,A1,298.0456928,,,,,,
5,1,10,A1,313.8128796,,,,,,
5,1,11,A1,302.0931739,,,,,,
5,1,12,A1,293.0862266,,,,,,
5,1,13,A1,291.3010401,,,,,,
5,1,14,A1,300.0129018,,,,,,
5,1,15,A1,304.3146497,,,,,,
5,1,16,A1,308.395037,,,,,,
5,1,17,A1,289.8677816,,,,,,
5,1,18,A1,312.2286433,,,,,,
5,1,19,A1,315.0514266,,,,,,
5,1,20,A1,299.865446,,,,,,
5,1,21,A2,401.2223102,,,,,,
5,1,22,A2,402.2153728,,,,,,
5,1,23,A2,397.637951,,,,,,
5,1,24,A2,398.9743007,,,,,,
5,1,25,A2,403.0667697,,,,,,
5,1,26,A2,403.5986053,,,,,,
5,1,27,A2,403.2726067,,,,,,
5,1,28,A2,394.5838178,,,,,,
5,1,29,A2,398.2481884,,,,,,
5,1,30,A2,400.2196577,,,,,,
5,1,31,A2,394.9497953,,,,,,
5,1,32,A2,396.4359412,,,,,,
5,1,33,A2,405.816059,,,,,,
5,1,34,A2,393.5628647,,,,,,
5,1,35,A2,402.4705937,,,,,,
5,1,36,A2,409.2879029,,,,,,
5,1,37,A2,409.7021093,,,,,,
5,1,38,A2,399.7763827,,,,,,
5,1,39,A2,396.1413926,,,,,,
5,1,40,A2,405.0716085,,,,,,
6,2,1,A2,395.8155693,,,,,,
6,2,2,A2,407.6956792,,,,,,
6,2,3,A2,402.0220994,,,,,,
6,2,4,A2,399.9854444,,,,,,
6,2,5,A2,402.6954862,,,,,,
6,2,6,A2,408.3776745,,,,,,
6,2,7,A2,407.1616258,,,,,,
6,2,8,A2,412.9270116,,,,,,
6,2,9,A2,406.4232229,,,,,,
6,2,10,A2,403.3133232,,,,,,
6,2,11,A2,401.4301175,,,,,,
6,2,12,A2,402.5709037,,,,,,
6,2,13,A2,393.7437978,,,,,,
6,2,14,A2,406.8295094,,,,,,
6,2,15,A2,400.582643,,,,,,
6,2,16,A2,403.2460027,,,,,,
6,2,17,A2,404.6030011,,,,,,
6,2,18,A2,407.3690903,,,,,,
6,2,19,A2,415.8553463,,,,,,
6,2,20,A2,398.7113927,,,,,,
6,2,21,A1,303.0531174,,,,,,
6,2,22,A1,295.4892457,,,,,,
6,2,23,A1,306.2056009,,,,,,
6,2,24,A1,290.6454264,,,,,,
6,2,25,A1,307.7510098,,,,,,
6,2,26,A1,302.9029963,,,,,,
6,2,27,A1,296.691283,,,,,,
6,2,28,A1,279.1176458,,,,,,
6,2,29,A1,299.018011,,,,,,
6,2,30,A1,283.8312572,,,,,,
6,2,31,A1,306.7997455,,,,,,
6,2,32,A1,297.035727,,,,,,
6,2,33,A1,300.2510158,,,,,,
6,2,34,A1,282.6369048,,,,,,
6,2,35,A1,295.2653692,,,,,,
6,2,36,A1,316.1681255,,,,,,
6,2,37,A1,297.2852869,,,,,,
6,2,38,A1,302.0326807,,,,,,
6,2,39,A1,288.4761038,,,,,,
6,2,40,A1,307.6839702,,,,,,
7,1,1,A1,292.6667496,,,,,,
7,1,2,A1,302.8475592,,,,,,
7,1,3,A1,293.5752739,,,,,,
7,1,4,A1,289.212042,,,,,,
7,1,5,A1,297.2872586,,,,,,
7,1,6,A1,304.413157,,,,,,
7,1,7,A1,299.0300953,,,,,,
7,1,8,A1,309.9283327,,,,,,
7,1,9,A1,298.2762199,,,,,,
7,1,10,A1,302.7196734,,,,,,
7,1,11,A1,305.0815806,,,,,,
7,1,12,A1,287.03123,,,,,,
7,1,13,A1,281.6099842,,,,,,
7,1,14,A1,303.1770543,,,,,,
7,1,15,A1,300.9427005,,,,,,
7,1,16,A1,306.4601732,,,,,,
7,1,17,A1,288.7771393,,,,,,
7,1,18,A1,320.8373608,,,,,,
7,1,19,A1,320.3503411,,,,,,
7,1,20,A1,300.3677631,,,,,,
7,1,21,A2,400.4480455,,,,,,
7,1,22,A2,398.1260642,,,,,,
7,1,23,A2,403.2441806,,,,,,
7,1,24,A2,400.6709741,,,,,,
7,1,25,A2,406.7961915,,,,,,
7,1,26,A2,394.8693899,,,,,,
7,1,27,A2,400.9504095,,,,,,
7,1,28,A2,400.6584048,,,,,,
7,1,29,A2,400.407295,,,,,,
7,1,30,A2,397.9846146,,,,,,
7,1,31,A2,411.314092,,,,,,
7,1,32,A2,404.6710147,,,,,,
7,1,33,A2,403.9631356,,,,,,
7,1,34,A2,388.6162038,,,,,,
7,1,35,A2,399.9981585,,,,,,
7,1,36,A2,408.2350154,,,,,,
7,1,37,A2,408.8852692,,,,,,
7,1,38,A2,398.9003318,,,,,,
7,1,39,A2,405.3238957,,,,,,
7,1,40,A2,408.7132752,,,,,,
8,2,1,A2,390.5963659,,,,,,
8,2,2,A2,386.9783544,,,,,,
8,2,3,A2,399.8371829,,,,,,
8,2,4,A2,394.8753346,,,,,,
8,2,5,A2,393.8914978,,,,,,
8,2,6,A2,395.9579529,,,,,,
8,2,7,A2,403.0601942,,,,,,
8,2,8,A2,406.0012102,,,,,,
8,2,9,A2,387.3021729,,,,,,
8,2,10,A2,395.4232375,,,,,,
8,2,11,A2,394.4974735,,,,,,
8,2,12,A2,394.5527442,,,,,,
8,2,13,A2,394.2516083,,,,,,
8,2,14,A2,399.2121774,,,,,,
8,2,15,A2,386.4610628,,,,,,
8,2,16,A2,393.761785,,,,,,
8,2,17,A2,391.0649898,,,,,,
8,2,18,A2,402.694061,,,,,,
8,2,19,A2,394.9241022,,,,,,
8,2,20,A2,403.3798249,,,,,,
8,2,21,A1,284.6485528,,,,,,
8,2,22,A1,282.6138993,,,,,,
8,2,23,A1,294.6777933,,,,,,
8,2,24,A1,281.0103161,,,,,,
8,2,25,A1,289.8930043,,,,,,
8,2,26,A1,298.715774,,,,,,
8,2,27,A1,272.632597,,,,,,
8,2,28,A1,270.2410826,,,,,,
8,2,29,A1,282.8791045,,,,,,
8,2,30,A1,275.25481,,,,,,
8,2,31,A1,294.3374614,,,,,,
8,2,32,A1,286.2635857,,,,,,
8,2,33,A1,291.6698166,,,,,,
8,2,34,A1,275.8338971,,,,,,
8,2,35,A1,277.4677777,,,,,,
8,2,36,A1,290.3469056,,,,,,
8,2,37,A1,294.5985905,,,,,,
8,2,38,A1,275.3356126,,,,,,
8,2,39,A1,287.1963313,,,,,,
8,2,40,A1,294.3908015,,,,,,
9,2,1,A2,402.6263621,,,,,,
9,2,2,A2,402.2879447,,,,,,
9,2,3,A2,402.250431,,,,,,
9,2,4,A2,393.0057554,,,,,,
9,2,5,A2,401.2803423,,,,,,
9,2,6,A2,401.094733,,,,,,
9,2,7,A2,399.5020187,,,,,,
9,2,8,A2,408.254575,,,,,,
9,2,9,A2,408.3141751,,,,,,
9,2,10,A2,402.6560632,,,,,,
9,2,11,A2,407.3555092,,,,,,
9,2,12,A2,401.1845179,,,,,,
9,2,13,A2,403.2534645,,,,,,
9,2,14,A2,399.0785156,,,,,,
9,2,15,A2,405.1397242,,,,,,
9,2,16,A2,406.0704833,,,,,,
9,2,17,A2,408.5780652,,,,,,
9,2,18,A2,410.6538547,,,,,,
9,2,19,A2,412.8684039,,,,,,
9,2,20,A2,406.8424147,,,,,,
9,2,21,A1,297.13984,,,,,,
9,2,22,A1,293.012254,,,,,,
9,2,23,A1,306.6495315,,,,,,
9,2,24,A1,290.8274152,,,,,,
9,2,25,A1,309.5160537,,,,,,
9,2,26,A1,292.7719186,,,,,,
9,2,27,A1,276.3450391,,,,,,
9,2,28,A1,280.8764359,,,,,,
9,2,29,A1,293.7199224,,,,,,
9,2,30,A1,293.5548618,,,,,,
9,2,31,A1,309.8299747,,,,,,
9,2,32,A1,299.2012668,,,,,,
9,2,33,A1,300.7202653,,,,,,
9,2,34,A1,275.6980695,,,,,,
9,2,35,A1,292.8086116,,,,,,
9,2,36,A1,321.389332,,,,,,
9,2,37,A1,304.786257,,,,,,
9,2,38,A1,294.3452316,,,,,,
9,2,39,A1,301.4247082,,,,,,
9,2,40,A1,304.6128993,,,,,,
10,1,1,A1,303.1177938,,,,,,
10,1,2,A1,308.1776596,,,,,,
10,1,3,A1,290.8046693,,,,,,
10,1,4,A1,292.7206144,,,,,,
10,1,5,A1,302.6400891,,,,,,
10,1,6,A1,293.3397269,,,,,,
10,1,7,A1,306.4898722,,,,,,
10,1,8,A1,323.7981151,,,,,,
10,1,9,A1,303.538718,,,,,,
10,1,10,A1,302.6998514,,,,,,
10,1,11,A1,308.5757459,,,,,,
10,1,12,A1,297.2674456,,,,,,
10,1,13,A1,299.387659,,,,,,
10,1,14,A1,296.8996371,,,,,,
10,1,15,A1,302.2408277,,,,,,
10,1,16,A1,299.1884615,,,,,,
10,1,17,A1,290.9450448,,,,,,
10,1,18,A1,324.6273042,,,,,,
10,1,19,A1,314.0391766,,,,,,
10,1,20,A1,308.7708183,,,,,,
10,1,21,A2,393.9265998,,,,,,
10,1,22,A2,400.8753366,,,,,,
10,1,23,A2,408.5656999,,,,,,
10,1,24,A2,402.6774676,,,,,,
10,1,25,A2,402.5188789,,,,,,
10,1,26,A2,398.5600607,,,,,,
10,1,27,A2,397.9313462,,,,,,
10,1,28,A2,394.0647503,,,,,,
10,1,29,A2,403.4958575,,,,,,
10,1,30,A2,400.4834524,,,,,,
10,1,31,A2,409.7631859,,,,,,
10,1,32,A2,401.5171221,,,,,,
10,1,33,A2,400.1190275,,,,,,
10,1,34,A2,391.9280243,,,,,,
10,1,35,A2,405.878456,,,,,,
10,1,36,A2,408.7654726,,,,,,
10,1,37,A2,408.5229085,,,,,,
10,1,38,A2,407.0238782,,,,,,
10,1,39,A2,403.8612879,,,,,,
10,1,40,A2,419.3745742,,,,,,
11,2,1,A2,404.925448,,,,,,
11,2,2,A2,412.3623195,,,,,,
11,2,3,A2,403.2856261,,,,,,
11,2,4,A2,394.5100422,,,,,,
11,2,5,A2,406.6098457,,,,,,
11,2,6,A2,409.9315067,,,,,,
11,2,7,A2,406.4883284,,,,,,
11,2,8,A2,398.8596965,,,,,,
11,2,9,A2,406.3490847,,,,,,
11,2,10,A2,402.311115,,,,,,
11,2,11,A2,413.7451882,,,,,,
11,2,12,A2,397.4238689,,,,,,
11,2,13,A2,411.0724137,,,,,,
11,2,14,A2,410.0417971,,,,,,
11,2,15,A2,403.7826123,,,,,,
11,2,16,A2,411.0364689,,,,,,
11,2,17,A2,410.6120512,,,,,,
11,2,18,A2,413.5138162,,,,,,
11,2,19,A2,415.4346448,,,,,,
11,2,20,A2,410.6249061,,,,,,
11,2,21,A1,307.1320817,,,,,,
11,2,22,A1,294.536983,,,,,,
11,2,23,A1,311.7284109,,,,,,
11,2,24,A1,295.1873138,,,,,,
11,2,25,A1,316.7906054,,,,,,
11,2,26,A1,310.3109189,,,,,,
11,2,27,A1,298.3392103,,,,,,
11,2,28,A1,296.6963951,,,,,,
11,2,29,A1,303.0900538,,,,,,
11,2,30,A1,294.5171189,,,,,,
11,2,31,A1,324.6402392,,,,,,
11,2,32,A1,295.6147684,,,,,,
11,2,33,A1,298.5638801,,,,,,
11,2,34,A1,298.5650687,,,,,,
11,2,35,A1,303.8236379,,,,,,
11,2,36,A1,311.0892427,,,,,,
11,2,37,A1,316.3067009,,,,,,
11,2,38,A1,307.4683063,,,,,,
11,2,39,A1,296.6514847,,,,,,
11,2,40,A1,313.8362169,,,,,,
12,1,1,A1,292.9933098,,,,,,
12,1,2,A1,295.2196583,,,,,,
12,1,3,A1,287.4279754,,,,,,
12,1,4,A1,284.8684585,,,,,,
12,1,5,A1,297.5875145,,,,,,
12,1,6,A1,301.3699627,,,,,,
12,1,7,A1,308.3346758,,,,,,
12,1,8,A1,318.6490728,,,,,,
12,1,9,A1,287.7607431,,,,,,
12,1,10,A1,307.4202147,,,,,,
12,1,11,A1,299.170357,,,,,,
12,1,12,A1,287.5454999,,,,,,
12,1,13,A1,286.9578254,,,,,,
12,1,14,A1,291.8419451,,,,,,
12,1,15,A1,293.7353099,,,,,,
12,1,16,A1,299.0936822,,,,,,
12,1,17,A1,283.7495604,,,,,,
12,1,18,A1,305.2092151,,,,,,
12,1,19,A1,315.6086735,,,,,,
12,1,20,A1,294.3381903,,,,,,
12,1,21,A2,390.2820918,,,,,,
12,1,22,A2,393.2576471,,,,,,
12,1,23,A2,409.8656355,,,,,,
12,1,24,A2,403.1755376,,,,,,
12,1,25,A2,396.5806995,,,,,,
12,1,26,A2,404.5108955,,,,,,
12,1,27,A2,405.8369363,,,,,,
12,1,28,A2,397.7396924,,,,,,
12,1,29,A2,389.0002318,,,,,,
12,1,30,A2,395.4122316,,,,,,
12,1,31,A2,410.2998487,,,,,,
12,1,32,A2,391.9088566,,,,,,
12,1,33,A2,401.0471922,,,,,,
12,1,34,A2,394.2021254,,,,,,
12,1,35,A2,394.4236827,,,,,,
12,1,36,A2,400.7376604,,,,,,
12,1,37,A2,403.5472484,,,,,,
12,1,38,A2,394.9806306,,,,,,
12,1,39,A2,404.905143,,,,,,
12,1,40,A2,403.0152427,,,,,,
13,1,1,A1,286.195248,,,,,,
13,1,2,A1,285.1332168,,,,,,
13,1,3,A1,279.7603367,,,,,,
13,1,4,A1,286.0240319,,,,,,
13,1,5,A1,289.071155,,,,,,
13,1,6,A1,300.7006414,,,,,,
13,1,7,A1,311.1216162,,,,,,
13,1,8,A1,307.5271773,,,,,,
13,1,9,A1,287.7463887,,,,,,
13,1,10,A1,300.9377967,,,,,,
13,1,11,A1,300.8868635,,,,,,
13,1,12,A1,289.7161564,,,,,,
13,1,13,A1,277.0395327,,,,,,
13,1,14,A1,288.7929042,,,,,,
13,1,15,A1,298.4445889,,,,,,
13,1,16,A1,296.8045609,,,,,,
13,1,17,A1,289.2974264,,,,,,
13,1,18,A1,316.0211654,,,,,,
13,1,19,A1,294.6661468,,,,,,
13,1,20,A1,291.9715768,,,,,,
13,1,21,A2,390.74198,,,,,,
13,1,22,A2,397.8472998,,,,,,
13,1,23,A2,393.9404283,,,,,,
13,1,24,A2,397.6532764,,,,,,
13,1,25,A2,398.4113778,,,,,,
13,1,26,A2,392.6180912,,,,,,
13,1,27,A2,400.6338031,,,,,,
13,1,28,A2,388.5982579,,,,,,
13,1,29,A2,399.6543589,,,,,,
13,1,30,A2,400.8402627,,,,,,
13,1,31,A2,396.2042739,,,,,,
13,1,32,A2,400.1217316,,,,,,
13,1,33,A2,396.5936271,,,,,,
13,1,34,A2,401.7637919,,,,,,
13,1,35,A2,403.4712486,,,,,,
13,1,36,A2,409.0339279,,,,,,
13,1,37,A2,404.4695453,,,,,,
13,1,38,A2,401.2840332,,,,,,
13,1,39,A2,404.7994341,,,,,,
13,1,40,A2,396.5514466,,,,,,
14,2,1,A2,503.4787,,503.4787,,,,
14,2,2,A2,648.0815,,2,648.0815,,,
14,2,3,A2,632.6755,,3,632.6755,,,
14,2,4,A2,422.296,,4,,y,,
14,2,5,A2,563.0694,,5,,,,
14,2,6,A2,587.4346,,6,1,,,
14,2,7,A2,536.7437,,7,2,,,
14,2,8,A2,729.4875,,8,3,,,
14,2,9,A2,593.9522,,9,4,,,
14,2,10,A2,480.9162,,10,5,,,
14,2,11,A2,664.8794,,11,6,,,
14,2,12,A2,661.0115,,12,7,,,
14,2,13,A2,813.8245,,13,8,,,
14,2,14,A2,631.0071,,14,9,,,
14,2,15,A2,605.3941,,15,10,,,
14,2,16,A2,566.9283,,16,11,,,
14,2,17,A2,553.6279,,17,12,,,
14,2,18,A2,714.3542,,18,13,,,
14,2,19,A2,628.2916,,19,14,,,
14,2,20,A2,607.2946,,20,15,,,
14,2,21,A1,477.6251,,21,16,,,
14,2,22,A1,622.1365,,22,17,,,
14,2,23,A1,654.9057,,23,18,,,
14,2,24,A1,585.7285,,24,19,,,
14,2,25,A1,524.9351,,25,20,,,
14,2,26,A1,624.6819,,26,21,,,
14,2,27,A1,807.5023,,27,22,,,
14,2,28,A1,607.8285,,28,23,,,
14,2,29,A1,558.8907,,29,24,,,
14,2,30,A1,640.6388,,30,25,,,
14,2,31,A1,554.9659,,31,26,,,
14,2,32,A1,568.5236,,32,27,,,
14,2,33,A1,641.8436,,33,28,,,
14,2,34,A1,503.8957,,34,29,,,
14,2,35,A1,688.0705,,35,30,,,
14,2,36,A1,599.953,,36,31,,,
14,2,37,A1,518.0229,,37,32,,,
14,2,38,A1,508.097,,38,33,,,
14,2,39,A1,585.2954,,39,34,,,
14,2,40,A1,608.791,,40,35,,,
15,2,1,A2,402.0596322,,,36,,,
15,2,2,A2,411.4153625,,,37,,,
15,2,3,A2,395.9620278,,,38,,,
15,2,4,A2,403.3661469,,,39,,,
15,2,5,A2,404.8946975,,,40,,,
15,2,6,A2,407.8774789,,,"Showing 24 to 40 of 40 entries, 1 total columns",,,
15,2,7,A2,409.8175555,,,,,,
15,2,8,A2,411.3346041,,,,,,
15,2,9,A2,388.2588044,,,,,,
15,2,10,A2,403.5627938,,,,,,
15,2,11,A2,412.2072405,,,,,,
15,2,12,A2,395.8564883,,,,,,
15,2,13,A2,398.2589403,,,,,,
15,2,14,A2,403.5697118,,,,,,
15,2,15,A2,408.4009261,,,,,,
15,2,16,A2,406.1835084,,,,,,
15,2,17,A2,398.1304125,,,,,,
15,2,18,A2,403.2240522,,,,,,
15,2,19,A2,411.5820634,,,,,,
15,2,20,A2,396.1887566,,,,,,
15,2,21,A1,298.4053761,,,,,,
15,2,22,A1,292.070178,,,,,,
15,2,23,A1,307.7951851,,,,,,
15,2,24,A1,292.7856969,,,,,,
15,2,25,A1,315.1709228,,,,,,
15,2,26,A1,308.6650715,,,,,,
15,2,27,A1,291.0336433,,,,,,
15,2,28,A1,290.5181722,,,,,,
15,2,29,A1,304.6201571,,,,,,
15,2,30,A1,286.7946022,,,,,,
15,2,31,A1,316.6807268,,,,,,
15,2,32,A1,291.5407522,,,,,,
15,2,33,A1,307.1681023,,,,,,
15,2,34,A1,289.0673539,,,,,,
15,2,35,A1,293.693021,,,,,,
15,2,36,A1,328.759454,,,,,,
15,2,37,A1,321.892639,,,,,,
15,2,38,A1,299.7552873,,,,,,
15,2,39,A1,305.0639502,,,,,,
15,2,40,A1,312.8507686,,,,,,
16,1,1,A1,297.9006162,,,,,,
16,1,2,A1,304.8053829,,,,,,
16,1,3,A1,292.5485934,,,,,,
16,1,4,A1,288.7111679,,,,,,
16,1,5,A1,286.3566893,,,,,,
16,1,6,A1,294.8837634,,,,,,
16,1,7,A1,305.8330476,,,,,,
16,1,8,A1,309.7589891,,,,,,
16,1,9,A1,294.1591028,,,,,,
16,1,10,A1,290.0468887,,,,,,
16,1,11,A1,301.1132087,,,,,,
16,1,12,A1,291.6275796,,,,,,
16,1,13,A1,292.5422816,,,,,,
16,1,14,A1,284.5083645,,,,,,
16,1,15,A1,295.7001381,,,,,,
16,1,16,A1,292.3028924,,,,,,
16,1,17,A1,281.728546,,,,,,
16,1,18,A1,317.2114107,,,,,,
16,1,19,A1,296.5436424,,,,,,
16,1,20,A1,289.1562728,,,,,,
16,1,21,A2,405.7421901,,,,,,
16,1,22,A2,404.62332,,,,,,
16,1,23,A2,393.8981647,,,,,,
16,1,24,A2,390.5913526,,,,,,
16,1,25,A2,406.5746255,,,,,,
16,1,26,A2,409.0906334,,,,,,
16,1,27,A2,392.889042,,,,,,
16,1,28,A2,396.0643772,,,,,,
16,1,29,A2,405.3935994,,,,,,
16,1,30,A2,400.2226004,,,,,,
16,1,31,A2,400.6651234,,,,,,
16,1,32,A2,404.3169138,,,,,,
16,1,33,A2,402.5659783,,,,,,
16,1,34,A2,398.1892608,,,,,,
16,1,35,A2,393.8912441,,,,,,
16,1,36,A2,400.2128638,,,,,,
16,1,37,A2,413.3597895,,,,,,
16,1,38,A2,393.1944346,,,,,,
16,1,39,A2,389.8115165,,,,,,
16,1,40,A2,408.4028489,,,,,,
17,1,1,A1,278.1643629,,,,,,
17,1,2,A1,296.2822054,,,,,,
17,1,3,A1,289.9248664,,,,,,
17,1,4,A1,276.7927663,,,,,,
17,1,5,A1,290.1451014,,,,,,
17,1,6,A1,303.1043652,,,,,,
17,1,7,A1,295.9751501,,,,,,
17,1,8,A1,309.4677509,,,,,,
17,1,9,A1,303.6198184,,,,,,
17,1,10,A1,302.2785684,,,,,,
17,1,11,A1,297.475434,,,,,,
17,1,12,A1,285.3302882,,,,,,
17,1,13,A1,275.9942651,,,,,,
17,1,14,A1,292.0841108,,,,,,
17,1,15,A1,291.4158505,,,,,,
17,1,16,A1,300.799259,,,,,,
17,1,17,A1,288.1031685,,,,,,
17,1,18,A1,302.5304986,,,,,,
17,1,19,A1,306.4682032,,,,,,
17,1,20,A1,289.5695023,,,,,,
17,1,21,A2,394.9945857,,,,,,
17,1,22,A2,393.8237945,,,,,,
17,1,23,A2,406.5165572,,,,,,
17,1,24,A2,388.8933436,,,,,,
17,1,25,A2,413.4819885,,,,,,
17,1,26,A2,411.0434848,,,,,,
17,1,27,A2,399.6574462,,,,,,
17,1,28,A2,392.9739839,,,,,,
17,1,29,A2,399.2446595,,,,,,
17,1,30,A2,389.9869798,,,,,,
17,1,31,A2,403.2578643,,,,,,
17,1,32,A2,392.7271807,,,,,,
17,1,33,A2,403.9912702,,,,,,
17,1,34,A2,403.7018743,,,,,,
17,1,35,A2,395.4766188,,,,,,
17,1,36,A2,405.1442219,,,,,,
17,1,37,A2,399.4158983,,,,,,
17,1,38,A2,406.4351856,,,,,,
17,1,39,A2,401.1575294,,,,,,
17,1,40,A2,408.3275487,,,,,,
18,2,1,A2,397.9478299,,,,,,
18,2,2,A2,391.4996297,,,,,,
18,2,3,A2,386.8332818,,,,,,
18,2,4,A2,389.8447037,,,,,,
18,2,5,A2,395.076798,,,,,,
18,2,6,A2,400.4020074,,,,,,
18,2,7,A2,399.2283877,,,,,,
18,2,8,A2,399.6196027,,,,,,
18,2,9,A2,391.9421689,,,,,,
18,2,10,A2,401.4012361,,,,,,
18,2,11,A2,400.0640876,,,,,,
18,2,12,A2,394.9171115,,,,,,
18,2,13,A2,392.6180423,,,,,,
18,2,14,A2,399.8221248,,,,,,
18,2,15,A2,397.2799749,,,,,,
18,2,16,A2,396.2954346,,,,,,
18,2,17,A2,376.6012337,,,,,,
18,2,18,A2,397.3641648,,,,,,
18,2,19,A2,402.4049908,,,,,,
18,2,20,A2,395.9995884,,,,,,
18,2,21,A1,294.4988593,,,,,,
18,2,22,A1,296.6042764,,,,,,
18,2,23,A1,296.3679365,,,,,,
18,2,24,A1,288.2130029,,,,,,
18,2,25,A1,304.1839739,,,,,,
18,2,26,A1,297.1436295,,,,,,
18,2,27,A1,280.663167,,,,,,
18,2,28,A1,273.3759736,,,,,,
18,2,29,A1,296.4991267,,,,,,
18,2,30,A1,277.35179,,,,,,
18,2,31,A1,304.7846514,,,,,,
18,2,32,A1,286.0609696,,,,,,
18,2,33,A1,289.8743578,,,,,,
18,2,34,A1,281.022482,,,,,,
18,2,35,A1,297.1226498,,,,,,
18,2,36,A1,308.8304034,,,,,,
18,2,37,A1,303.0153003,,,,,,y
18,2,38,A1,286.4910591,,,,,,
18,2,39,A1,294.819986,,,,,1,
18,2,40,A1,306.5102494,,,,,2,
19,2,1,A2,403.4804319,,,,,3,
19,2,2,A2,384.8804829,,,,,4,
19,2,3,A2,383.6297352,,,,,5,
19,2,4,A2,412.0234058,,,,,6,
19,2,5,A2,395.0945949,,,,,7,
19,2,6,A2,406.2507929,,,,,8,
19,2,7,A2,406.3288853,,,,,9,
19,2,8,A2,401.6599607,,,,,10,
19,2,9,A2,387.7799028,,,,,11,
19,2,10,A2,399.5006184,,,,,12,
19,2,11,A2,400.7489751,,,,,13,
19,2,12,A2,402.5126568,,,,,14,
19,2,13,A2,402.446646,,,,,15,
19,2,14,A2,405.8135259,,,,,16,
19,2,15,A2,404.8587939,,,,,17,
19,2,16,A2,407.7753636,,,,,18,
19,2,17,A2,391.2661611,,,,,19,
19,2,18,A2,396.8771671,,,,,20,
19,2,19,A2,394.1828999,,,,,21,
19,2,20,A2,398.2109648,,,,,22,
19,2,21,A1,303.8150012,,,,,23,
19,2,22,A1,307.1559961,,,,,24,
19,2,23,A1,324.2160516,,,,,25,
19,2,24,A1,306.4445153,,,,,26,
19,2,25,A1,316.737108,,,,,27,
19,2,26,A1,309.1531454,,,,,28,
19,2,27,A1,300.588039,,,,,29,
19,2,28,A1,294.0134497,,,,,30,
19,2,29,A1,319.2842633,,,,,31,
19,2,30,A1,309.3577224,,,,,32,
19,2,31,A1,323.4038999,,,,,33,
19,2,32,A1,296.954354,,,,,34,
19,2,33,A1,304.6172677,,,,,35,
19,2,34,A1,299.0645237,,,,,36,
19,2,35,A1,316.4632577,,,,,37,
19,2,36,A1,330.3527135,,,,,38,
19,2,37,A1,317.247325,,,,,39,
19,2,38,A1,305.0147634,,,,,40,
19,2,39,A1,314.3836492,,,,,"Showing 1 to 19 of 40 entries, 1 total columns",
19,2,40,A1,312.2160597,,,,,,
20,1,1,A1,292.0279072,,,,,,
20,1,2,A1,301.9473523,,,,,,
20,1,3,A1,287.5862748,,,,,,
20,1,4,A1,273.7580433,,,,,,
20,1,5,A1,288.3642912,,,,,,
20,1,6,A1,292.5632941,,,,,,
20,1,7,A1,300.7229458,,,,,,
20,1,8,A1,300.8483276,,,,,,
20,1,9,A1,295.8923987,,,,,,
20,1,10,A1,298.8802494,,,,,,
20,1,11,A1,307.2073182,,,,,,
20,1,12,A1,278.2389616,,,,,,
20,1,13,A1,286.7838076,,,,,,
20,1,14,A1,293.6954274,,,,,,
20,1,15,A1,285.3779629,,,,,,
20,1,16,A1,296.5614879,,,,,,
20,1,17,A1,282.825947,,,,,,
20,1,18,A1,308.5668453,,,,,,
20,1,19,A1,303.4723724,,,,,,
20,1,20,A1,290.9502569,,,,,,
20,1,21,A2,409.8602826,,,,,,
20,1,22,A2,396.3225414,,,,,,
20,1,23,A2,397.5988633,,,,,,
20,1,24,A2,386.3942242,,,,,,
20,1,25,A2,401.2862813,,,,,,
20,1,26,A2,403.0427319,,,,,,
20,1,27,A2,405.1402142,,,,,,
20,1,28,A2,389.2265204,,,,,,
20,1,29,A2,398.9372729,,,,,,
20,1,30,A2,401.3035912,,,,,,
20,1,31,A2,407.22746,,,,,,
20,1,32,A2,399.18271,,,,,,
20,1,33,A2,407.1261041,,,,,,
20,1,34,A2,394.8484208,,,,,,
20,1,35,A2,400.2325833,,,,,,
20,1,36,A2,400.6267101,,,,,,
20,1,37,A2,401.7530652,,,,,,
20,1,38,A2,395.7408569,,,,,,
20,1,39,A2,393.1043992,,,,,,
20,1,40,A2,400.6806613,,,,,,
21,2,1,A2,388.6605354,,,,,,
21,2,2,A2,392.2352575,,,,,,
21,2,3,A2,399.6052051,,,,,,
21,2,4,A2,387.367081,,,,,,
21,2,5,A2,388.0471296,,,,,,
21,2,6,A2,400.3453291,,,,,,
21,2,7,A2,398.9870891,,,,,,
21,2,8,A2,392.2960872,,,,,,
21,2,9,A2,393.1119456,,,,,,
21,2,10,A2,388.6877991,,,,,,
21,2,11,A2,401.7194349,,,,,,
21,2,12,A2,398.7912966,,,,,,
21,2,13,A2,384.8288473,,,,,,
21,2,14,A2,394.9177104,,,,,,
21,2,15,A2,395.2964364,,,,,,
21,2,16,A2,399.1884468,,,,,,
21,2,17,A2,388.4122286,,,,,,
21,2,18,A2,395.5417514,,,,,,
21,2,19,A2,392.1320692,,,,,,
21,2,20,A2,401.6114156,,,,,,
21,2,21,A1,260.339756,,,,,,
21,2,22,A1,270.520068,,,,,,
21,2,23,A1,275.6043237,,,,,,
21,2,24,A1,267.6370662,,,,,,
21,2,25,A1,292.1577859,,,,,,
21,2,26,A1,275.283328,,,,,,
21,2,27,A1,261.8451543,,,,,,
21,2,28,A1,262.2493822,,,,,,
21,2,29,A1,271.8552681,,,,,,
21,2,30,A1,263.2167605,,,,,,
21,2,31,A1,277.4250702,,,,,,
21,2,32,A1,256.1709653,,,,,,
21,2,33,A1,277.3307061,,,,,,
21,2,34,A1,252.295434,,,,,,
21,2,35,A1,271.8644274,,,,,,
21,2,36,A1,286.0530452,,,,,,
21,2,37,A1,272.6989699,,,,,,
21,2,38,A1,268.295211,,,,,,
21,2,39,A1,263.8797036,,,,,,
21,2,40,A1,283.9600131,,,,,,
22,1,1,A1,293.1802179,,,,,,
22,1,2,A1,308.352749,,,,,,
22,1,3,A1,308.7502849,,,,,,
22,1,4,A1,293.4542964,,,,,,
22,1,5,A1,296.2961191,,,,,,
22,1,6,A1,310.7125356,,,,,,
22,1,7,A1,312.0863192,,,,,,
22,1,8,A1,307.6259482,,,,,,
22,1,9,A1,297.881619,,,,,,
22,1,10,A1,313.6844504,,,,,,
22,1,11,A1,310.1638103,,,,,,
22,1,12,A1,296.5019585,,,,,,
22,1,13,A1,293.6014477,,,,,,
22,1,14,A1,310.3425848,,,,,,
22,1,15,A1,295.0404618,,,,,,
22,1,16,A1,315.3010537,,,,,,
22,1,17,A1,295.3092114,,,,,,
22,1,18,A1,316.1498127,,,,,,
22,1,19,A1,321.4877984,,,,,,
22,1,20,A1,299.5383477,,,,,,
22,1,21,A2,408.2371141,,,,,,
22,1,22,A2,391.5553986,,,,,,
22,1,23,A2,395.4980249,,,,,,
22,1,24,A2,398.1583499,,,,,,
22,1,25,A2,396.01199,,,,,,
22,1,26,A2,403.7707249,,,,,,
22,1,27,A2,384.1558678,,,,,,
22,1,28,A2,383.2633537,,,,,,
22,1,29,A2,396.9573839,,,,,,
22,1,30,A2,410.2556853,,,,,,
22,1,31,A2,393.5531573,,,,,,
22,1,32,A2,405.3082105,,,,,,
22,1,33,A2,399.7074444,,,,,,
22,1,34,A2,389.8200724,,,,,,
22,1,35,A2,401.2445101,,,,,,
22,1,36,A2,404.3606869,,,,,,
22,1,37,A2,401.6324833,,,,,,
22,1,38,A2,398.9666768,,,,,,
22,1,39,A2,399.6709153,,,,,,
22,1,40,A2,406.8464231,,,,,,
23,2,1,A2,515.4701,,,,,,
23,2,2,A2,724.1765,,,,,,
23,2,3,A2,433.8375,,,,,,
23,2,4,A2,260.2789,,,,,,
23,2,5,A2,436.862,,,,,,
23,2,6,A2,637.8052,,,,,,
23,2,7,A2,691.0293,,,,,,
23,2,8,A2,910.2761,,,,,,
23,2,9,A2,948.7912,,,,,,
23,2,10,A2,933.936,,,,,,
23,2,11,A2,703.166,,,,,,
23,2,12,A2,846.845,,,,,,
23,2,13,A2,361.4074,,,,,,
23,2,14,A2,551.7507,,,,,,
23,2,15,A2,597.2807,,,,,,
23,2,16,A2,329.1164,,,,,,
23,2,17,A2,447.7954,,,,,,
23,2,18,A2,873.5987,,,,,,
23,2,19,A2,305.8609,,,,,,
23,2,20,A2,686.0195,,,,,,
23,2,21,A1,613.263,,,,,,
23,2,22,A1,511.704,,,,,,
23,2,23,A1,691.0457,,,,,,
23,2,24,A1,923.9173,,,,,,
23,2,25,A1,684.8473,,,,,,
23,2,26,A1,650.1564,,,,,,
23,2,27,A1,716.3533,,,,,,
23,2,28,A1,286.4514,,,,,,
23,2,29,A1,375.0217,,,,,,
23,2,30,A1,341.1704,,,,,,
23,2,31,A1,611.5543,,,,,,
23,2,32,A1,468.3232,,,,,,
23,2,33,A1,744.0586,,,,,,
23,2,34,A1,576.3391,,,,,,
23,2,35,A1,1002.1251,,,,,,
23,2,36,A1,864.925,,,,,,
23,2,37,A1,641.1601,,,,,,
23,2,38,A1,507.5701,,,,,,
23,2,39,A1,594.7762,,,,,,
23,2,40,A1,733.0869,,,,,,
24,2,1,A2,390.0854878,,,,,,
24,2,2,A2,404.6175742,,,,,,
24,2,3,A2,397.2787267,,,,,,
24,2,4,A2,388.3779502,,,,,,
24,2,5,A2,400.4159615,,,,,,
24,2,6,A2,392.9869331,,,,,,
24,2,7,A2,397.3096971,,,,,,
24,2,8,A2,400.9068924,,,,,,
24,2,9,A2,398.8475277,,,,,,
24,2,10,A2,396.6021293,,,,,,
24,2,11,A2,398.2807118,,,,,,
24,2,12,A2,391.6324576,,,,,,
24,2,13,A2,399.2159533,,,,,,
24,2,14,A2,401.9880395,,,,,,
24,2,15,A2,401.4373603,,,,,,
24,2,16,A2,393.0076523,,,,,,
24,2,17,A2,391.0033897,,,,,,
24,2,18,A2,395.7235278,,,,,,
24,2,19,A2,398.8357954,,,,,,
24,2,20,A2,392.2315571,,,,,,
24,2,21,A1,288.9307233,,,,,,
24,2,22,A1,276.0524908,,,,,,
24,2,23,A1,300.8235213,,,,,,
24,2,24,A1,278.4777407,,,,,,
24,2,25,A1,290.4792155,,,,,,
24,2,26,A1,289.4209884,,,,,,
24,2,27,A1,273.4729198,,,,,,
24,2,28,A1,269.6830522,,,,,,
24,2,29,A1,290.0177303,,,,,,
24,2,30,A1,276.7287349,,,,,,
24,2,31,A1,295.4777543,,,,,,
24,2,32,A1,274.6203169,,,,,,
24,2,33,A1,282.4376413,,,,,,
24,2,34,A1,280.0043907,,,,,,
24,2,35,A1,293.6835045,,,,,,
24,2,36,A1,296.6582365,,,,,,
24,2,37,A1,298.4953748,,,,,,
24,2,38,A1,288.3143906,,,,,,
24,2,39,A1,282.7384841,,,,,,
24,2,40,A1,305.5666716,,,,,,
25,1,1,A1,304.038989,,,,,,
25,1,2,A1,304.2626863,,,,,,
25,1,3,A1,283.0444118,,,,,,
25,1,4,A1,287.3509116,,,,,,
25,1,5,A1,296.6627926,,,,,,
25,1,6,A1,308.6136162,,,,,,
25,1,7,A1,300.1652095,,,,,,
25,1,8,A1,315.6805468,,,,,,
25,1,9,A1,298.731807,,,,,,
25,1,10,A1,304.7665463,,,,,,
25,1,11,A1,303.6847692,,,,,,
25,1,12,A1,290.1241841,,,,,,
25,1,13,A1,291.8989048,,,,,,
25,1,14,A1,300.0362654,,,,,,
25,1,15,A1,298.2395325,,,,,,
25,1,16,A1,299.9136612,,,,,,
25,1,17,A1,288.2338268,,,,,,
25,1,18,A1,310.9865034,,,,,,
25,1,19,A1,311.7438262,,,,,,
25,1,20,A1,299.9812508,,,,,,
25,1,21,A2,385.9807643,,,,,,
25,1,22,A2,409.2484426,,,,,,
25,1,23,A2,394.4841315,,,,,,
25,1,24,A2,399.83628,,,,,,
25,1,25,A2,406.3650691,,,,,,
25,1,26,A2,403.9871504,,,,,,
25,1,27,A2,393.4620645,,,,,,
25,1,28,A2,386.4684026,,,,,,
25,1,29,A2,402.4956367,,,,,,
25,1,30,A2,399.1524878,,,,,,
25,1,31,A2,400.8823078,,,,,,
25,1,32,A2,398.3245059,,,,,,
25,1,33,A2,399.414772,,,,,,
25,1,34,A2,387.7526247,,,,,,
25,1,35,A2,396.4815525,,,,,,
25,1,36,A2,398.156573,,,,,,
25,1,37,A2,400.1521368,,,,,,
25,1,38,A2,398.3542736,,,,,,
25,1,39,A2,404.6987022,,,,,,
25,1,40,A2,409.8733171,,,,,,
26,1,1,A1,288.3673358,,,,,,
26,1,2,A1,303.7974544,,,,,,
26,1,3,A1,290.5485073,,,,,,
26,1,4,A1,280.6787052,,,,,,
26,1,5,A1,283.8928196,,,,,,
26,1,6,A1,294.9543355,,,,,,
26,1,7,A1,300.3190524,,,,,,
26,1,8,A1,296.0057057,,,,,,
26,1,9,A1,290.446798,,,,,,
26,1,10,A1,297.7571034,,,,,,
26,1,11,A1,287.5469493,,,,,,
26,1,12,A1,274.9834201,,,,,,
26,1,13,A1,283.6384985,,,,,,
26,1,14,A1,281.1527207,,,,,,
26,1,15,A1,290.5309582,,,,,,
26,1,16,A1,298.8661493,,,,,,
26,1,17,A1,269.1598759,,,,,,
26,1,18,A1,304.7164255,,,,,,
26,1,19,A1,308.0931668,,,,,,
26,1,20,A1,284.0911099,,,,,,
26,1,21,A2,408.7199744,,,,,,
26,1,22,A2,405.949737,,,,,,
26,1,23,A2,411.8488158,,,,,,
26,1,24,A2,403.9520886,,,,,,
26,1,25,A2,413.2382336,,,,,,
26,1,26,A2,399.0830487,,,,,,
26,1,27,A2,397.4393084,,,,,,
26,1,28,A2,393.5436185,,,,,,
26,1,29,A2,391.5411202,,,,,,
26,1,30,A2,399.3082091,,,,,,
26,1,31,A2,399.9001604,,,,,,
26,1,32,A2,400.7150976,,,,,,
26,1,33,A2,398.3518665,,,,,,
26,1,34,A2,390.7912442,,,,,,
26,1,35,A2,405.8668962,,,,,,
26,1,36,A2,405.604665,,,,,,
26,1,37,A2,400.7201599,,,,,,
26,1,38,A2,398.7011976,,,,,,
26,1,39,A2,405.2543509,,,,,,
26,1,40,A2,401.7832879,,,,,,
27,2,1,A2,396.8441695,,,,,,
27,2,2,A2,405.6071368,,,,,,
27,2,3,A2,396.0796893,,,,,,
27,2,4,A2,396.9845315,,,,,,
27,2,5,A2,400.3988103,,,,,,
27,2,6,A2,406.6819695,,,,,,
27,2,7,A2,410.0956637,,,,,,
27,2,8,A2,407.1225091,,,,,,
27,2,9,A2,409.7630357,,,,,,
27,2,10,A2,403.0678929,,,,,,
27,2,11,A2,406.3729595,,,,,,
27,2,12,A2,409.1909524,,,,,,
27,2,13,A2,401.4028508,,,,,,
27,2,14,A2,401.3651836,,,,,,
27,2,15,A2,397.6148509,,,,,,
27,2,16,A2,418.8417886,,,,,,
27,2,17,A2,394.5212011,,,,,,
27,2,18,A2,400.8253779,,,,,,
27,2,19,A2,413.1163512,,,,,,
27,2,20,A2,404.9633272,,,,,,
27,2,21,A1,310.0056231,,,,,,
27,2,22,A1,306.871532,,,,,,
27,2,23,A1,319.0306178,,,,,,
27,2,24,A1,312.8201559,,,,,,
27,2,25,A1,323.7988166,,,,,,
27,2,26,A1,315.810635,,,,,,
27,2,27,A1,298.5141426,,,,,,
27,2,28,A1,282.8864009,,,,,,
27,2,29,A1,318.1249777,,,,,,
27,2,30,A1,298.5088219,,,,,,
27,2,31,A1,313.3028574,,,,,,
27,2,32,A1,302.6440877,,,,,,
27,2,33,A1,311.3436593,,,,,,
27,2,34,A1,299.1389404,,,,,,
27,2,35,A1,303.7302197,,,,,,
27,2,36,A1,325.131208,,,,,,
27,2,37,A1,320.8022345,,,,,,
27,2,38,A1,306.0576569,,,,,,
27,2,39,A1,302.2536158,,,,,,
27,2,40,A1,313.322717,,,,,,
28,2,1,A2,409.3887641,,,,,,
28,2,2,A2,410.1338629,,,,,,
28,2,3,A2,401.0904308,,,,,,
28,2,4,A2,406.3421015,,,,,,
28,2,5,A2,417.1773864,,,,,,
28,2,6,A2,410.7752914,,,,,,
28,2,7,A2,403.5028386,,,,,,
28,2,8,A2,421.94155,,,,,,
28,2,9,A2,406.9916988,,,,,,
28,2,10,A2,414.2707226,,,,,,
28,2,11,A2,412.4962128,,,,,,
28,2,12,A2,401.0809977,,,,,,
28,2,13,A2,402.6791362,,,,,,
28,2,14,A2,408.849338,,,,,,
28,2,15,A2,416.3120044,,,,,,
28,2,16,A2,415.7187725,,,,,,
28,2,17,A2,394.1509931,,,,,,
28,2,18,A2,409.4011374,,,,,,
28,2,19,A2,416.6459639,,,,,,
28,2,20,A2,408.4896309,,,,,,
28,2,21,A1,297.6956854,,,,,,
28,2,22,A1,279.0331823,,,,,,
28,2,23,A1,299.7219326,,,,,,
28,2,24,A1,286.2299834,,,,,,
28,2,25,A1,307.3805277,,,,,,
28,2,26,A1,301.1239122,,,,,,
28,2,27,A1,287.5533205,,,,,,
28,2,28,A1,278.7044048,,,,,,
28,2,29,A1,287.5820881,,,,,,
28,2,30,A1,279.8206688,,,,,,
28,2,31,A1,306.430784,,,,,,
28,2,32,A1,280.1321341,,,,,,
28,2,33,A1,305.995619,,,,,,
28,2,34,A1,284.7612523,,,,,,
28,2,35,A1,293.397812,,,,,,
28,2,36,A1,313.9898449,,,,,,
28,2,37,A1,311.3413561,,,,,,
28,2,38,A1,293.1545862,,,,,,
28,2,39,A1,293.2963653,,,,,,
28,2,40,A1,294.2715603,,,,,,
29,1,1,A1,283.2286555,,,,,,
29,1,2,A1,291.4413575,,,,,,
29,1,3,A1,281.473261,,,,,,
29,1,4,A1,281.7489196,,,,,,
29,1,5,A1,288.1204041,,,,,,
29,1,6,A1,295.2696088,,,,,,
29,1,7,A1,293.7158441,,,,,,
29,1,8,A1,303.3288958,,,,,,
29,1,9,A1,283.8977253,,,,,,
29,1,10,A1,294.4935472,,,,,,
29,1,11,A1,300.0608472,,,,,,
29,1,12,A1,284.0964331,,,,,,
29,1,13,A1,285.5896972,,,,,,
29,1,14,A1,290.1949647,,,,,,
29,1,15,A1,295.007397,,,,,,
29,1,16,A1,297.8386576,,,,,,
29,1,17,A1,277.648142,,,,,,
29,1,18,A1,303.472048,,,,,,
29,1,19,A1,301.6535904,,,,,,
29,1,20,A1,288.1537776,,,,,,
29,1,21,A2,396.2694532,,,,,,
29,1,22,A2,390.9525861,,,,,,
29,1,23,A2,407.8452777,,,,,,
29,1,24,A2,394.6826793,,,,,,
29,1,25,A2,407.8953199,,,,,,
29,1,26,A2,407.9030238,,,,,y,
29,1,27,A2,407.5123303,,,,,,
29,1,28,A2,393.8452071,,,,1,,
29,1,29,A2,402.0085359,,,,2,,
29,1,30,A2,403.7426997,,,,3,,
29,1,31,A2,422.4240374,,,,4,,
29,1,32,A2,408.290122,,,,5,,
29,1,33,A2,407.7492701,,,,6,,
29,1,34,A2,409.7992788,,,,7,,
29,1,35,A2,402.4528545,,,,8,,
29,1,36,A2,409.1899612,,,,9,,
29,1,37,A2,414.5746606,,,,10,,
29,1,38,A2,394.9040387,,,,11,,
29,1,39,A2,408.8389383,,,,12,,
29,1,40,A2,403.8733195,,,,13,,
30,2,1,A2,391.4666387,,,,14,,
30,2,2,A2,407.9046008,,,,15,,
30,2,3,A2,394.8668823,,,,16,,
30,2,4,A2,385.1450001,,,,17,,
30,2,5,A2,396.1044768,,,,18,,
30,2,6,A2,403.2536857,,,,19,,
30,2,7,A2,407.9845678,,,,20,,
30,2,8,A2,396.9638194,,,,21,,
30,2,9,A2,389.3114123,,,,22,,
30,2,10,A2,390.6709131,,,,23,,
30,2,11,A2,396.0332188,,,,24,,
30,2,12,A2,396.0872867,,,,25,,
30,2,13,A2,391.3088487,,,,26,,
30,2,14,A2,389.9609166,,,,27,,
30,2,15,A2,397.421664,,,,28,,
30,2,16,A2,394.1292123,,,,29,,
30,2,17,A2,386.0111184,,,,30,,
30,2,18,A2,393.4073353,,,,31,,
30,2,19,A2,401.7160986,,,,32,,
30,2,20,A2,393.183774,,,,33,,
30,2,21,A1,277.0432785,,,,34,,
30,2,22,A1,279.3653253,,,,35,,
30,2,23,A1,295.7703937,,,,36,,
30,2,24,A1,273.9585686,,,,37,,
30,2,25,A1,288.8919607,,,,38,,
30,2,26,A1,287.0182422,,,,39,,
30,2,27,A1,273.8053992,,,,40,,
30,2,28,A1,261.2678725,,,,"Showing 1 to 19 of 40 entries, 1 total columns",,
30,2,29,A1,288.5286083,,,,,,
30,2,30,A1,281.5494219,,,,,,
30,2,31,A1,290.8064634,,,,,,
30,2,32,A1,272.5215683,,,,,,
30,2,33,A1,283.9929977,,,,,,
30,2,34,A1,264.8166968,,,,,,
30,2,35,A1,280.6897428,,,,,,
30,2,36,A1,295.5822777,,,,,,
30,2,37,A1,287.8954713,,,,,,
30,2,38,A1,281.9987746,,,,,,
30,2,39,A1,276.8265796,,,,,,
30,2,40,A1,289.873576,,,,,,
31,1,1,A1,286.8091715,,,,,,
31,1,2,A1,300.3598543,,,,,,
31,1,3,A1,291.6926745,,,,,,
31,1,4,A1,293.1808379,,,,,,
31,1,5,A1,290.1993793,,,,,,
31,1,6,A1,297.5212738,,,,,,
31,1,7,A1,301.6003811,,,,,,
31,1,8,A1,306.1813077,,,,,,
31,1,9,A1,285.2954457,,,,,,
31,1,10,A1,304.011447,,,,,,
31,1,11,A1,290.9434304,,,,,,
31,1,12,A1,284.3133173,,,,,,
31,1,13,A1,269.9153368,,,,,,
31,1,14,A1,290.3717706,,,,,,
31,1,15,A1,296.5035119,,,,,,
31,1,16,A1,297.6017515,,,,,,
31,1,17,A1,273.0436676,,,,,,
31,1,18,A1,314.2951542,,,,,,
31,1,19,A1,303.0299333,,,,,,
31,1,20,A1,285.1954319,,,,,,
31,1,21,A2,384.2282996,,,,,,
31,1,22,A2,390.9728308,,,,,,
31,1,23,A2,396.0136856,,,,,,
31,1,24,A2,391.0113625,,,,,,
31,1,25,A2,397.267127,,,,,,
31,1,26,A2,401.6161902,,,,,,
31,1,27,A2,390.4999263,,,,,,
31,1,28,A2,398.4826902,,,,,,
31,1,29,A2,395.1873044,,,,,,
31,1,30,A2,397.6350579,,,,,,
31,1,31,A2,405.5702405,,,,,,
31,1,32,A2,393.4911237,,,,,,
31,1,33,A2,398.9319427,,,,,,
31,1,34,A2,395.0419605,,,,,,
31,1,35,A2,391.4983113,,,,,,
31,1,36,A2,397.4249447,,,,,,
31,1,37,A2,402.033816,,,,,,
31,1,38,A2,395.3041575,,,,,,
31,1,39,A2,392.9241225,,,,,,
31,1,40,A2,404.5726665,,,,,,
32,1,1,A1,293.9031145,,,,,,
32,1,2,A1,288.1920983,,,,,,
32,1,3,A1,284.8535949,,,,,,
32,1,4,A1,280.9897499,,,,,,
32,1,5,A1,287.0139894,,,,,,
32,1,6,A1,296.667783,,,,,,
32,1,7,A1,299.0619443,,,,,,
32,1,8,A1,301.6792265,,,,,,
32,1,9,A1,283.457462,,,,,,
32,1,10,A1,295.4066039,,,,,,
32,1,11,A1,298.622032,,,,,,
32,1,12,A1,289.7386893,,,,,,
32,1,13,A1,280.0380061,,,,,,
32,1,14,A1,290.341413,,,,,,
32,1,15,A1,287.484571,,,,,,
32,1,16,A1,307.4241828,,,,,,
32,1,17,A1,281.4017436,,,,,,
32,1,18,A1,293.2100344,,,,,,
32,1,19,A1,300.3354604,,,,,,
32,1,20,A1,291.2766082,,,,,,
32,1,21,A2,410.8628471,,,,,,
32,1,22,A2,413.0075686,,,,,,
32,1,23,A2,422.2323849,,,,,,
32,1,24,A2,411.4076441,,,,,,
32,1,25,A2,411.3040172,,,,,,
32,1,26,A2,400.1867946,,,,,,
32,1,27,A2,403.5300878,,,,,,
32,1,28,A2,396.9740971,,,,,,
32,1,29,A2,397.6841186,,,,,,
32,1,30,A2,409.084195,,,,,,
32,1,31,A2,411.4485184,,,,,,
32,1,32,A2,404.4679762,,,,,,
32,1,33,A2,403.7926405,,,,,,
32,1,34,A2,400.6454299,,,,,,
32,1,35,A2,398.1989792,,,,,,
32,1,36,A2,410.9157409,,,,,,
32,1,37,A2,406.8331796,,,,,,
32,1,38,A2,407.9996312,,,,,,
32,1,39,A2,403.2999175,,,,,,
32,1,40,A2,417.2717894,,,,,,
33,2,1,A2,392.5666258,,,,,,
33,2,2,A2,400.7971239,,,,,,
33,2,3,A2,397.6113099,,,,,,
33,2,4,A2,396.1658891,,,,,,
33,2,5,A2,399.0801845,,,,,,
33,2,6,A2,411.1623065,,,,,,
33,2,7,A2,400.9904838,,,,,,
33,2,8,A2,409.4967897,,,,,,
33,2,9,A2,400.9624191,,,,,,
33,2,10,A2,399.6060451,,,,,,
33,2,11,A2,388.9356165,,,,,,
33,2,12,A2,394.4016304,,,,,,
33,2,13,A2,391.452148,,,,,,
33,2,14,A2,400.6723183,,,,,,
33,2,15,A2,401.0960991,,,,,,
33,2,16,A2,406.4954206,,,,,,
33,2,17,A2,391.0635318,,,,,,
33,2,18,A2,398.4787316,,,,,,
33,2,19,A2,410.3681079,,,,,,
33,2,20,A2,399.8373844,,,,,,
33,2,21,A1,287.5822531,,,,,,
33,2,22,A1,301.9887817,,,,,,
33,2,23,A1,311.8463199,,,,,,
33,2,24,A1,293.5125428,,,,,,
33,2,25,A1,306.122616,,,,,,
33,2,26,A1,301.9648812,,,,,,
33,2,27,A1,280.2775286,,,,,,
33,2,28,A1,278.7393636,,,,,,
33,2,29,A1,301.5400884,,,,,,
33,2,30,A1,292.1539777,,,,,,
33,2,31,A1,314.5204168,,,,,,
33,2,32,A1,297.5608356,,,,,,
33,2,33,A1,293.8474869,,,,,,
33,2,34,A1,294.1874136,,,,,,
33,2,35,A1,305.0721106,,,,,,
33,2,36,A1,318.6337419,,,,,,
33,2,37,A1,310.2780865,,,,,,
33,2,38,A1,282.5820592,,,,,,
33,2,39,A1,298.9705981,,,,,,
33,2,40,A1,302.5393798,,,,,,
34,2,1,A2,396.7792331,,,,,,
34,2,2,A2,405.4536401,,,,,,
34,2,3,A2,400.6142918,,,,,,
34,2,4,A2,401.9334426,,,,,,
34,2,5,A2,397.0914107,,,,,,
34,2,6,A2,402.1996734,,,,,,
34,2,7,A2,405.2927626,,,,,,
34,2,8,A2,414.704004,,,,,,
34,2,9,A2,408.3099736,,,,,,
34,2,10,A2,408.872248,,,,,,
34,2,11,A2,404.6576318,,,,,,
34,2,12,A2,410.8621843,,,,,,
34,2,13,A2,398.0614727,,,,,,
34,2,14,A2,390.7255331,,,,,,
34,2,15,A2,399.7244757,,,,,,
34,2,16,A2,407.2479495,,,,,,
34,2,17,A2,401.5910976,,,,,,
34,2,18,A2,404.382891,,,,,,
34,2,19,A2,393.823043,,,,,,
34,2,20,A2,397.2511366,,,,,,
34,2,21,A1,293.8447536,,,,,,
34,2,22,A1,288.635933,,,,,,
34,2,23,A1,295.1496343,,,,,,
34,2,24,A1,281.5699374,,,,,,
34,2,25,A1,311.4321891,,,,,,
34,2,26,A1,297.7411116,,,,,,
34,2,27,A1,280.7800444,,,,,,
34,2,28,A1,282.0886318,,,,,,
34,2,29,A1,297.6681134,,,,,,
34,2,30,A1,294.0933183,,,,,,
34,2,31,A1,304.3654125,,,,,,
34,2,32,A1,291.0315396,,,,,,
34,2,33,A1,291.373034,,,,,,
34,2,34,A1,300.5469104,,,,,,
34,2,35,A1,296.3251018,,,,,,
34,2,36,A1,319.022486,,,,,,
34,2,37,A1,306.2026345,,,,,,
34,2,38,A1,292.8416767,,,,,,
34,2,39,A1,296.0751171,,,,,,
34,2,40,A1,311.6542928,,,,,,
35,2,1,A2,405.4239216,,,,,,
35,2,2,A2,404.5586793,,,,,,
35,2,3,A2,401.4676685,,,,,,
35,2,4,A2,402.0749364,,,,,,
35,2,5,A2,397.677058,,,,,,
35,2,6,A2,403.4755378,,,,,,
35,2,7,A2,398.9709355,,,,,,
35,2,8,A2,412.0209456,,,,,,
35,2,9,A2,407.5797574,,,,,,
35,2,10,A2,412.9910955,,,,,,
35,2,11,A2,409.9806836,,,,,,
35,2,12,A2,402.6492707,,,,,,
35,2,13,A2,403.8605307,,,,,,
35,2,14,A2,404.6445998,,,,,,
35,2,15,A2,416.6469888,,,,,,
35,2,16,A2,405.2153295,,,,,,
35,2,17,A2,402.4479939,,,,,,
35,2,18,A2,402.9677247,,,,,,
35,2,19,A2,410.0494328,,,,,,
35,2,20,A2,397.8520539,,,,,,
35,2,21,A1,299.8557718,,,,,,
35,2,22,A1,297.3800894,,,,,,
35,2,23,A1,320.1986746,,,,,,
35,2,24,A1,304.9165925,,,,,,
35,2,25,A1,320.4621186,,,,,,
35,2,26,A1,308.3222733,,,,,,
35,2,27,A1,292.899074,,,,,,
35,2,28,A1,290.5497032,,,,,,
35,2,29,A1,310.7611274,,,,,,
35,2,30,A1,299.0064713,,,,,,
35,2,31,A1,322.3997785,,,,,,
35,2,32,A1,296.1983134,,,,,,
35,2,33,A1,307.6283169,,,,,,
35,2,34,A1,291.5158032,,,,,,
35,2,35,A1,310.913262,,,,,,
35,2,36,A1,326.5855403,,,,,,
35,2,37,A1,317.9792628,,,,,,
35,2,38,A1,309.1957888,,,,,,
35,2,39,A1,310.0061966,,,,,,
35,2,40,A1,315.4990178,,,,,,
36,2,1,A2,395.6416632,,,,,,
36,2,2,A2,398.2363096,,,,,,
36,2,3,A2,398.9366243,,,,,,
36,2,4,A2,396.520678,,,,,,
36,2,5,A2,409.9527019,,,,,,
36,2,6,A2,394.222796,,,,,,
36,2,7,A2,402.1640829,,,,,,
36,2,8,A2,397.1237485,,,,,,
36,2,9,A2,398.8824271,,,,,,
36,2,10,A2,396.7945226,,,,,,
36,2,11,A2,397.4066385,,,,,,
36,2,12,A2,389.5982203,,,,,,
36,2,13,A2,400.4546588,,,,,,
36,2,14,A2,410.6997968,,,,,,
36,2,15,A2,407.8085198,,,,,,
36,2,16,A2,403.9332277,,,,,,
36,2,17,A2,393.1002349,,,,,,
36,2,18,A2,400.6625254,,,,,,
36,2,19,A2,400.6691275,,,,,,
36,2,20,A2,401.4836518,,,,,,
36,2,21,A1,285.6430937,,,,,,
36,2,22,A1,279.1608823,,,,,,
36,2,23,A1,301.8238864,,,,,,
36,2,24,A1,284.3787856,,,,,,
36,2,25,A1,301.545509,,,,,,
36,2,26,A1,292.4139026,,,,,,
36,2,27,A1,284.0551575,,,,,,
36,2,28,A1,277.7239782,,,,,,
36,2,29,A1,290.3238269,,,,,,
36,2,30,A1,286.1518733,,,,,,
36,2,31,A1,293.2094781,,,,,,
36,2,32,A1,286.0353524,,,,,,
36,2,33,A1,294.9103735,,,,,,
36,2,34,A1,274.6211229,,,,,,
36,2,35,A1,289.5519045,,,,,,
36,2,36,A1,303.8274661,,,,,,
36,2,37,A1,304.2606456,,,,,,
36,2,38,A1,288.8156605,,,,,,
36,2,39,A1,300.0759357,,,,,,
36,2,40,A1,302.4630953,,,,,,
37,1,1,A1,749.4139,,,,,,
37,1,2,A1,542.4095,,,,,,
37,1,3,A1,383.1695,,,,,,
37,1,4,A1,283.2902,,,,,,
37,1,5,A1,437.706,,,,,,
37,1,6,A1,885.8363,,,,,,
37,1,7,A1,629.2151,,,,,,
37,1,8,A1,707.6229,,,,,,
37,1,9,A1,423.9265,,,,,,
37,1,10,A1,704.4347,,,,,,
37,1,11,A1,670.6258,,,,,,
37,1,12,A1,368.1405,,,,,,
37,1,13,A1,636.4083,,,,,,
37,1,14,A1,618.3296,,,,,,
37,1,15,A1,700.7433,,,,,,
37,1,16,A1,493.1245,,,,,,
37,1,17,A1,598.2225,,,,,,
37,1,18,A1,381.6937,,,,,,
37,1,19,A1,797.7042,,,,,,
37,1,20,A1,597.0834,,,,,,
37,1,21,A2,648.0726,,,,,,
37,1,22,A2,779.321,,,,,,
37,1,23,A2,335.2027,,,,,,
37,1,24,A2,849.3629,,,,,,
37,1,25,A2,460.9454,,,,,,
37,1,26,A2,777.1444,,,,,,
37,1,27,A2,685.18,,,,,,
37,1,28,A2,920.2546,,,,,,
37,1,29,A2,798.6248,,,,,,
37,1,30,A2,463.1009,,,,,,
37,1,31,A2,640.0448,,,,,,
37,1,32,A2,714.6158,,,,,,
37,1,33,A2,745.532,,,,,,
37,1,34,A2,474.1572,,,,,,
37,1,35,A2,585.1818,,,,,,
37,1,36,A2,576.8416,,,,,,
37,1,37,A2,600.0795,,,,,,
37,1,38,A2,618.7046,,,,,,
37,1,39,A2,598.1041,,,,,,
37,1,40,A2,835.223,,,,,,
38,2,1,A2,395.2882432,,,,,,
38,2,2,A2,390.6416145,,,,,,
38,2,3,A2,399.1353616,,,,,,
38,2,4,A2,390.9025362,,,,,,
38,2,5,A2,396.7948185,,,,,,
38,2,6,A2,400.6149441,,,,,,
38,2,7,A2,405.6150771,,,,,,
38,2,8,A2,395.4540035,,,,,,
38,2,9,A2,406.3873153,,,,,,
38,2,10,A2,388.1017514,,,,,,
38,2,11,A2,398.2820974,,,,,,
38,2,12,A2,390.7867927,,,,,,
38,2,13,A2,396.5815548,,,,,,
38,2,14,A2,383.4654434,,,,,,
38,2,15,A2,393.4987391,,,,,,
38,2,16,A2,401.3551601,,,,,,
38,2,17,A2,385.0333553,,,,,,
38,2,18,A2,399.7390423,,,,,,
38,2,19,A2,396.3959857,,,,,,
38,2,20,A2,394.9483188,,,,,,
38,2,21,A1,283.5619719,,,,,,
38,2,22,A1,277.0254268,,,,,,
38,2,23,A1,295.3993918,,,,,,
38,2,24,A1,277.9687375,,,,,,
38,2,25,A1,294.4481299,,,,,,
38,2,26,A1,285.2619626,,,,,,
38,2,27,A1,278.5176026,,,,,,
38,2,28,A1,270.439873,,,,,,
38,2,29,A1,292.4862078,,,,,,
38,2,30,A1,284.3419414,,,,,,
38,2,31,A1,290.5853136,,,,,,
38,2,32,A1,284.6699776,,,,,,
38,2,33,A1,275.2224858,,,,,,
38,2,34,A1,270.4817247,,,,,,
38,2,35,A1,281.3749477,,,,,,
38,2,36,A1,297.0030061,,,,,,
38,2,37,A1,290.1057341,,,,,,
38,2,38,A1,278.8180206,,,,,,
38,2,39,A1,278.5827574,,,,,,
38,2,40,A1,295.972324,,,,,,
39,1,1,A1,298.9226659,,,,,,
39,1,2,A1,298.5621954,,,,,,
39,1,3,A1,290.1591796,,,,,,
39,1,4,A1,301.6849718,,,,,,
39,1,5,A1,306.1730409,,,,,,
39,1,6,A1,297.7859727,,,,,,
39,1,7,A1,299.5871387,,,,,,
39,1,8,A1,316.7540723,,,,,,
39,1,9,A1,289.4586457,,,,,,
39,1,10,A1,312.0872915,,,,,,
39,1,11,A1,303.4313245,,,,,,
39,1,12,A1,290.5982191,,,,,,
39,1,13,A1,296.8536688,,,,,,
39,1,14,A1,293.7378398,,,,,,
39,1,15,A1,295.834472,,,,,,
39,1,16,A1,314.6403761,,,,,,
39,1,17,A1,293.1751229,,,,,,
39,1,18,A1,317.4603992,,,,,,
39,1,19,A1,318.0459165,,,,,,
39,1,20,A1,313.5375445,,,,,,
39,1,21,A2,396.883312,,,,,,
39,1,22,A2,396.566244,,,,,,
39,1,23,A2,406.0037907,,,,,,
39,1,24,A2,399.7432255,,,,,,
39,1,25,A2,411.6308965,,,,,,
39,1,26,A2,409.3265947,,,,,,
39,1,27,A2,396.3294716,,,,,,
39,1,28,A2,394.4740113,,,,,,
39,1,29,A2,398.3447351,,,,,,
39,1,30,A2,405.5962952,,,,,,
39,1,31,A2,401.7030913,,,,,,
39,1,32,A2,404.5019842,,,,,,
39,1,33,A2,407.2114848,,,,,,
39,1,34,A2,389.9222697,,,,,,
39,1,35,A2,407.3227988,,,,,,
39,1,36,A2,408.4654459,,,,,,
39,1,37,A2,402.606735,,,,,,
39,1,38,A2,398.7786737,,,,,,
39,1,39,A2,400.5582211,,,,,,
39,1,40,A2,410.7405064,,,,,,
40,2,1,A2,392.0013917,,,,,,
40,2,2,A2,399.4198363,,,,,,
40,2,3,A2,375.6610812,,,,,,
40,2,4,A2,398.8699917,,,,,,
40,2,5,A2,395.1302817,,,,,,
40,2,6,A2,392.5315688,,,,,,
40,2,7,A2,395.4820581,,,,,,
40,2,8,A2,395.7025181,,,,,,
40,2,9,A2,391.7312742,,,,,,
40,2,10,A2,390.7897081,,,,,,
40,2,11,A2,397.1276215,,,,,,
40,2,12,A2,388.5497112,,,,,,
40,2,13,A2,395.2856019,,,,,,
40,2,14,A2,394.2234663,,,,,,
40,2,15,A2,395.5186671,,,,,,
40,2,16,A2,393.4803905,,,,,,
40,2,17,A2,384.643656,,,,,,
40,2,18,A2,399.2290317,,,,,,
40,2,19,A2,403.0018277,,,,,,
40,2,20,A2,395.5139878,,,,,,
40,2,21,A1,301.2373015,,,,,,
40,2,22,A1,294.3432954,,,,,,
40,2,23,A1,304.2146476,,,,,,
40,2,24,A1,289.0760249,,,,,,
40,2,25,A1,309.5829559,,,,,,
40,2,26,A1,303.274803,,,,,,
40,2,27,A1,294.9029866,,,,,,
40,2,28,A1,288.9145761,,,,,,
40,2,29,A1,303.9249731,,,,,,
40,2,30,A1,291.9222829,,,,,,
40,2,31,A1,304.9362395,,,,,,
40,2,32,A1,297.0578675,,,,,,
40,2,33,A1,285.0008555,,,,,,
40,2,34,A1,293.3316913,,,,,,
40,2,35,A1,308.3259239,,,,,,
40,2,36,A1,320.1230028,,,,,,
40,2,37,A1,318.7770088,,,,,,
40,2,38,A1,292.5363771,,,,,,
40,2,39,A1,297.8264848,,,,,,
40,2,40,A1,311.820537,,,,,,
41,1,1,A1,292.4816061,,,,,,
41,1,2,A1,316.9735942,,,,,,
41,1,3,A1,297.5781415,,,,,,
41,1,4,A1,288.9724874,,,,,,
41,1,5,A1,295.2536143,,,,,,
41,1,6,A1,304.3185499,,,,,,
41,1,7,A1,309.7501224,,,,,,
41,1,8,A1,314.4420676,,,,,,
41,1,9,A1,292.3035926,,,,,,
41,1,10,A1,302.9105755,,,,,,
41,1,11,A1,302.6284345,,,,,,
41,1,12,A1,291.8897751,,,,,,
41,1,13,A1,305.5606078,,,,,,
41,1,14,A1,304.5310119,,,,,,
41,1,15,A1,295.7118929,,,,,,
41,1,16,A1,306.9127304,,,,,,
41,1,17,A1,274.8370396,,,,,,
41,1,18,A1,316.4974933,,,,,,
41,1,19,A1,311.3621488,,,,,,
41,1,20,A1,301.7041244,,,,,,
41,1,21,A2,407.0790729,,,,,,
41,1,22,A2,407.2669382,,,,,,
41,1,23,A2,401.1442325,,,,,,
41,1,24,A2,407.1954181,,,,,,
41,1,25,A2,407.4446891,,,,,,
41,1,26,A2,402.5353482,,,,,,
41,1,27,A2,393.8994881,,,,,,
41,1,28,A2,406.2528285,,,,,,
41,1,29,A2,407.2383036,,,,,,
41,1,30,A2,403.2157768,,,,,,
41,1,31,A2,421.9813973,,,,,,
41,1,32,A2,406.9097255,,,,,,
41,1,33,A2,403.495832,,,,,,
41,1,34,A2,406.8304737,,,,,,
41,1,35,A2,399.3726663,,,,,,
41,1,36,A2,411.9385328,,,,,,
41,1,37,A2,410.9130627,,,,,,
41,1,38,A2,415.7362418,,,,,,
41,1,39,A2,404.6289591,,,,,,
41,1,40,A2,419.8587267,,,,,,
42,1,1,A1,279.5230668,,,,,,
42,1,2,A1,279.0713269,,,,,,
42,1,3,A1,276.7547878,,,,,,
42,1,4,A1,266.5906535,,,,,,
42,1,5,A1,280.4629465,,,,,,
42,1,6,A1,284.7554636,,,,,,
42,1,7,A1,287.1661678,,,,,,
42,1,8,A1,298.9860666,,,,,,
42,1,9,A1,278.9960069,,,,,,
42,1,10,A1,292.3724987,,,,,,
42,1,11,A1,286.338709,,,,,,
42,1,12,A1,273.9999911,,,,,,
42,1,13,A1,268.816253,,,,,,
42,1,14,A1,284.2396468,,,,,,
42,1,15,A1,286.1195253,,,,,,
42,1,16,A1,295.1169533,,,,,,
42,1,17,A1,269.6734526,,,,,,
42,1,18,A1,299.0880568,,,,,,
42,1,19,A1,294.1420285,,,,,,
42,1,20,A1,280.9376871,,,,,,
42,1,21,A2,401.1970388,,,,,,
42,1,22,A2,394.1589088,,,,,,
42,1,23,A2,408.2787613,,,,,,
42,1,24,A2,390.6440733,,,,,,
42,1,25,A2,398.7159803,,,,,,
42,1,26,A2,412.2127242,,,,,,
42,1,27,A2,404.9574,,,,,,
42,1,28,A2,391.1004715,,,,,,
42,1,29,A2,413.3124753,,,,,,
42,1,30,A2,403.7299146,,,,,,
42,1,31,A2,399.1896201,,,,,,
42,1,32,A2,400.3561252,,,,,,
42,1,33,A2,397.4921607,,,,,,
42,1,34,A2,399.9353585,,,,,,
42,1,35,A2,392.9180168,,,,,,
42,1,36,A2,412.0375123,,,,,,
42,1,37,A2,409.2921304,,,,,,
42,1,38,A2,401.2997536,,,,,,
42,1,39,A2,403.2435426,,,,,,
42,1,40,A2,399.9808041,,,,,,
43,2,1,A2,393.9240526,,,,,,
43,2,2,A2,401.1773874,,,,,,
43,2,3,A2,394.5388973,,,,,,
43,2,4,A2,395.739975,,,,,,
43,2,5,A2,403.8848562,,,,,,
43,2,6,A2,409.2700547,,,,,,
43,2,7,A2,411.8712017,,,,,,
43,2,8,A2,408.1768545,,,,,,
43,2,9,A2,408.1585241,,,,,,
43,2,10,A2,401.8372706,,,,,,
43,2,11,A2,398.4338467,,,,,,
43,2,12,A2,403.2448676,,,,,,
43,2,13,A2,400.380122,,,,,,
43,2,14,A2,398.6643404,,,,,,
43,2,15,A2,401.3940576,,,,,,
43,2,16,A2,401.7051953,,,,,,
43,2,17,A2,395.6975807,,,,,,
43,2,18,A2,405.5215387,,,,,,
43,2,19,A2,400.7302117,,,,,,
43,2,20,A2,405.8574028,,,,,,
43,2,21,A1,289.8121374,,,,,,
43,2,22,A1,290.3868243,,,,,,
43,2,23,A1,294.1732328,,,,,,
43,2,24,A1,280.597358,,,,,,
43,2,25,A1,307.6174239,,,,,,
43,2,26,A1,299.1527158,,,,,,
43,2,27,A1,276.9455938,,,,,,
43,2,28,A1,267.5489143,,,,,,
43,2,29,A1,289.2688584,,,,,,
43,2,30,A1,292.336085,,,,,,
43,2,31,A1,300.9197191,,,,,,
43,2,32,A1,279.1456096,,,,,,
43,2,33,A1,286.4312945,,,,,,
43,2,34,A1,289.691808,,,,,,
43,2,35,A1,295.7865238,,,,,,
43,2,36,A1,305.0109082,,,,,,
43,2,37,A1,305.1013346,,,,,,
43,2,38,A1,296.2996368,,,,,,
43,2,39,A1,294.6462463,,,,,,
43,2,40,A1,306.430199,,,,,,
44,2,1,A2,401.1485879,,,,,,
44,2,2,A2,388.9147528,,,,,,
44,2,3,A2,398.7458686,,,,,,
44,2,4,A2,397.2768409,,,,,,
44,2,5,A2,402.5829765,,,,,,
44,2,6,A2,400.7191571,,,,,,
44,2,7,A2,391.3974138,,,,,,
44,2,8,A2,406.8323404,,,,,,
44,2,9,A2,395.613375,,,,,,
44,2,10,A2,400.6028692,,,,,,
44,2,11,A2,397.2110796,,,,,,
44,2,12,A2,398.9358395,,,,,,
44,2,13,A2,387.6744838,,,,,,
44,2,14,A2,398.7667818,,,,,,
44,2,15,A2,403.4663416,,,,,,
44,2,16,A2,405.8222853,,,,,,
44,2,17,A2,394.6650132,,,,,,
44,2,18,A2,402.9687104,,,,,,
44,2,19,A2,410.663574,,,,,,
44,2,20,A2,402.1496641,,,,,,
44,2,21,A1,289.8354333,,,,,,
44,2,22,A1,287.9923034,,,,,,
44,2,23,A1,305.376429,,,,,,
44,2,24,A1,297.4772815,,,,,,
44,2,25,A1,311.1398384,,,,,,
44,2,26,A1,305.9451786,,,,,,
44,2,27,A1,276.8293683,,,,,,
44,2,28,A1,276.3460618,,,,,,
44,2,29,A1,302.7932972,,,,,,
44,2,30,A1,278.8021708,,,,,,
44,2,31,A1,305.9850786,,,,,,
44,2,32,A1,289.8525349,,,,,,
44,2,33,A1,295.3701694,,,,,,
44,2,34,A1,271.2264664,,,,,,
44,2,35,A1,295.5684043,,,,,,
44,2,36,A1,304.3517176,,,,,,
44,2,37,A1,300.2692022,,,,,,
44,2,38,A1,291.6255762,,,,,,
44,2,39,A1,290.3946043,,,,,,
44,2,40,A1,314.2305591,,,,,,
45,2,1,A2,408.3079854,,,,,,
45,2,2,A2,408.9827079,,,,,,
45,2,3,A2,394.956145,,,,,,
45,2,4,A2,390.1062348,,,,,,
45,2,5,A2,401.7854464,,,,,,
45,2,6,A2,409.872783,,,,,,
45,2,7,A2,404.1468351,,,,,,
45,2,8,A2,407.9917879,,,,,,
45,2,9,A2,397.7031555,,,,,,
45,2,10,A2,405.1233574,,,,,,
45,2,11,A2,409.11827,,,,,,
45,2,12,A2,398.3046903,,,,,,
45,2,13,A2,390.6526674,,,,,,
45,2,14,A2,406.6487348,,,,,,
45,2,15,A2,403.501067,,,,,,
45,2,16,A2,403.1636837,,,,,,
45,2,17,A2,388.6640285,,,,,,
45,2,18,A2,405.0153172,,,,,,
45,2,19,A2,404.6865116,,,,,,
45,2,20,A2,390.1836825,,,,,,
45,2,21,A1,297.2366503,,,,,,
45,2,22,A1,289.8934029,,,,,,
45,2,23,A1,308.0994843,,,,,,
45,2,24,A1,282.51331,,,,,,
45,2,25,A1,304.8491219,,,,,,
45,2,26,A1,296.0260595,,,,,,
45,2,27,A1,281.8603699,,,,,,
45,2,28,A1,281.1555001,,,,,,
45,2,29,A1,305.2627444,,,,,,
45,2,30,A1,290.1416258,,,,,,
45,2,31,A1,296.223768,,,,,,
45,2,32,A1,291.6221626,,,,,,
45,2,33,A1,290.7457287,,,,,,
45,2,34,A1,288.6793818,,,,,,
45,2,35,A1,294.7340335,,,,,,
45,2,36,A1,312.540961,,,,,,
45,2,37,A1,311.6594052,,,,,,
45,2,38,A1,300.896461,,,,,,
45,2,39,A1,292.3172103,,,,,,
45,2,40,A1,307.4866066,,,,,,
46,1,1,A1,274.4405376,,,,,,
46,1,2,A1,280.6472116,,,,,,
46,1,3,A1,279.2119614,,,,,,
46,1,4,A1,279.9510442,,,,,,
46,1,5,A1,278.2239458,,,,,,
46,1,6,A1,285.5052663,,,,,,
46,1,7,A1,280.199458,,,,,,
46,1,8,A1,287.5934705,,,,,,
46,1,9,A1,286.3329333,,,,,,
46,1,10,A1,293.5230516,,,,,,
46,1,11,A1,283.3329972,,,,,,
46,1,12,A1,275.4536921,,,,,,
46,1,13,A1,277.5552246,,,,,,
46,1,14,A1,278.8803994,,,,,,
46,1,15,A1,281.8855738,,,,,,
46,1,16,A1,281.0237382,,,,,,
46,1,17,A1,278.8135215,,,,,,
46,1,18,A1,294.6519605,,,,,,
46,1,19,A1,297.0580321,,,,,,
46,1,20,A1,285.3753983,,,,,,
46,1,21,A2,388.8300093,,,,,,
46,1,22,A2,400.2856151,,,,,,
46,1,23,A2,402.9975146,,,,,,
46,1,24,A2,392.2098648,,,,,,
46,1,25,A2,395.5856718,,,,,,
46,1,26,A2,403.1169562,,,,,,
46,1,27,A2,406.6318914,,,,,,
46,1,28,A2,394.8721181,,,,,,
46,1,29,A2,398.2280392,,,,,,
46,1,30,A2,392.320311,,,,,,
46,1,31,A2,411.4750288,,,,,,
46,1,32,A2,398.0902147,,,,,,
46,1,33,A2,389.9399879,,,,,,
46,1,34,A2,392.895789,,,,,,
46,1,35,A2,396.4893027,,,,,,
46,1,36,A2,406.0469338,,,,,,
46,1,37,A2,391.1544832,,,,,,
46,1,38,A2,395.5443185,,,,,,
46,1,39,A2,403.7907635,,,,,,
46,1,40,A2,397.5742444,,,,,,
47,1,1,A1,278.3915122,,,,,,
47,1,2,A1,291.4814643,,,,,,
47,1,3,A1,286.8574317,,,,,,
47,1,4,A1,280.2437479,,,,,,
47,1,5,A1,282.7929268,,,,,,
47,1,6,A1,296.6873472,,,,,,
47,1,7,A1,302.5615141,,,,,,
47,1,8,A1,302.8240843,,,,,,
47,1,9,A1,285.4880172,,,,,,
47,1,10,A1,305.0083422,,,,,,
47,1,11,A1,296.2794666,,,,,,
47,1,12,A1,280.3608466,,,,,,
47,1,13,A1,282.144959,,,,,,
47,1,14,A1,291.2633354,,,,,,
47,1,15,A1,295.3721443,,,,,,
47,1,16,A1,291.4220902,,,,,,
47,1,17,A1,278.9283241,,,,,,
47,1,18,A1,303.8375202,,,,,,
47,1,19,A1,305.540709,,,,,,
47,1,20,A1,292.4466389,,,,,,
47,1,21,A2,403.9105543,,,,,,
47,1,22,A2,401.5576664,,,,,,
47,1,23,A2,399.787233,,,,,,
47,1,24,A2,384.4925291,,,,,,
47,1,25,A2,411.8802054,,,,,,
47,1,26,A2,408.8482861,,,,,,
47,1,27,A2,398.6052464,,,,,,
47,1,28,A2,391.6249843,,,,,,
47,1,29,A2,387.4459912,,,,,,
47,1,30,A2,395.7678259,,,,,,
47,1,31,A2,413.1496234,,,,,,
47,1,32,A2,393.1592602,,,,,,
47,1,33,A2,398.9738355,,,,,,
47,1,34,A2,385.4853205,,,,,,
47,1,35,A2,402.2767536,,,,,,
47,1,36,A2,413.1495562,,,,,,
47,1,37,A2,399.0322899,,,,,,
47,1,38,A2,399.4623928,,,,,,
47,1,39,A2,402.9611149,,,,,,
47,1,40,A2,398.7181237,,,,,,
48,2,1,A2,405.9919962,,,,,,
48,2,2,A2,411.9653771,,,,,,
48,2,3,A2,402.4734744,,,,,,
48,2,4,A2,403.4142826,,,,,,
48,2,5,A2,409.6623757,,,,,,
48,2,6,A2,415.1906017,,,,,,
48,2,7,A2,411.8666058,,,,,,
48,2,8,A2,416.3409996,,,,,,
48,2,9,A2,408.7269962,,,,,,
48,2,10,A2,416.4790722,,,,,,
48,2,11,A2,416.8652788,,,,,,
48,2,12,A2,399.9042269,,,,,,
48,2,13,A2,403.6789186,,,,,,
48,2,14,A2,394.5350025,,,,,,
48,2,15,A2,411.3309413,,,,,,
48,2,16,A2,415.4583361,,,,,,
48,2,17,A2,402.8999082,,,,,,
48,2,18,A2,406.5692188,,,,,,
48,2,19,A2,415.5241391,,,,,,
48,2,20,A2,405.451286,,,,,,
48,2,21,A1,285.646101,,,,,,
48,2,22,A1,299.9361646,,,,,,
48,2,23,A1,308.074303,,,,,,
48,2,24,A1,287.5259315,,,,,,
48,2,25,A1,307.8496107,,,,,,
48,2,26,A1,299.3188262,,,,,,
48,2,27,A1,287.2613774,,,,,,
48,2,28,A1,281.8028898,,,,,,
48,2,29,A1,301.9823203,,,,,,
48,2,30,A1,293.4489223,,,,,,
48,2,31,A1,304.1168027,,,,,,
48,2,32,A1,285.565757,,,,,,
48,2,33,A1,298.597621,,,,,,
48,2,34,A1,289.9234152,,,,,,
48,2,35,A1,293.090272,,,,,,
48,2,36,A1,321.0551254,,,,,,
48,2,37,A1,311.8328252,,,,,,
48,2,38,A1,295.9259598,,,,,,
48,2,39,A1,292.0335829,,,,,,
48,2,40,A1,304.5665924,,,,,,
49,2,1,A2,383.9498733,,,,,,
49,2,2,A2,399.6720542,,,,,,
49,2,3,A2,401.7755027,,,,,,
49,2,4,A2,399.6277426,,,,,,
49,2,5,A2,388.9852963,,,,,,
49,2,6,A2,401.0353545,,,,,,
49,2,7,A2,395.4573897,,,,,,
49,2,8,A2,404.8204914,,,,,,
49,2,9,A2,399.7317497,,,,,,
49,2,10,A2,404.7575429,,,,,,
49,2,11,A2,396.7292938,,,,,,
49,2,12,A2,406.1824212,,,,,,
49,2,13,A2,395.885068,,,,,,
49,2,14,A2,396.2403519,,,,,,
49,2,15,A2,407.5552226,,,,,,
49,2,16,A2,403.3498033,,,,,,
49,2,17,A2,395.2824362,,,,,,
49,2,18,A2,409.9178665,,,,,,
49,2,19,A2,398.4605616,,,,,,
49,2,20,A2,401.3910098,,,,,,
49,2,21,A1,309.4901427,,,,,,
49,2,22,A1,294.3576547,,,,,,
49,2,23,A1,303.8182655,,,,,,
49,2,24,A1,291.868275,,,,,,
49,2,25,A1,315.3335593,,,,,,
49,2,26,A1,312.2426571,,,,,,
49,2,27,A1,304.545614,,,,,,
49,2,28,A1,291.1665474,,,,,,
49,2,29,A1,310.7257757,,,,,,
49,2,30,A1,293.8720903,,,,,,
49,2,31,A1,317.898809,,,,,,
49,2,32,A1,308.411308,,,,,,
49,2,33,A1,304.6886207,,,,,,
49,2,34,A1,295.2165855,,,,,,
49,2,35,A1,301.6301579,,,,,,
49,2,36,A1,329.5207596,,,,,,
49,2,37,A1,315.5890038,,,,,,
49,2,38,A1,299.2968069,,,,,,
49,2,39,A1,307.0479743,,,,,,
49,2,40,A1,304.3672049,,,,,,
50,1,1,A1,295.1442078,,,,,,
50,1,2,A1,311.8272237,,,,,,
50,1,3,A1,293.3876685,,,,,,
50,1,4,A1,287.5067605,,,,,,
50,1,5,A1,299.2071819,,,,,,
50,1,6,A1,309.3709849,,,,,,
50,1,7,A1,304.5437947,,,,,,
50,1,8,A1,319.1763013,,,,,,
50,1,9,A1,302.373759,,,,,,
50,1,10,A1,307.1976014,,,,,,
50,1,11,A1,307.9313725,,,,,,
50,1,12,A1,283.7448102,,,,,,
50,1,13,A1,291.4391312,,,,,,
50,1,14,A1,298.5096174,,,,,,
50,1,15,A1,295.2648707,,,,,,
50,1,16,A1,310.4878996,,,,,,
50,1,17,A1,292.2539707,,,,,,
50,1,18,A1,314.1992367,,,,,,
50,1,19,A1,310.5670372,,,,,,
50,1,20,A1,291.703183,,,,,,
50,1,21,A2,396.5463457,,,,,,
50,1,22,A2,397.3093038,,,,,,
50,1,23,A2,401.2528424,,,,,,
50,1,24,A2,394.1147883,,,,,,
50,1,25,A2,395.0458393,,,,,,
50,1,26,A2,388.7521284,,,,,,
50,1,27,A2,383.4882996,,,,,,
50,1,28,A2,393.241588,,,,,,
50,1,29,A2,400.0883698,,,,,,
50,1,30,A2,392.5903375,,,,,,
50,1,31,A2,405.7497318,,,,,,
50,1,32,A2,397.5244557,,,,,,
50,1,33,A2,409.2903124,,,,,,
50,1,34,A2,395.4835271,,,,,,
50,1,35,A2,388.1768696,,,,,,
50,1,36,A2,417.115466,,,,,,
50,1,37,A2,402.7937781,,,,,,
50,1,38,A2,392.9365417,,,,,,
50,1,39,A2,397.1136718,,,,,,
50,1,40,A2,400.6176119,,,,,,
51,2,1,A2,395.7800175,,,,,,
51,2,2,A2,407.6154391,,,,,,
51,2,3,A2,392.1276269,,,,,,
51,2,4,A2,399.3906249,,,,,,
51,2,5,A2,394.4601496,,,,,,
51,2,6,A2,395.7760332,,,,,,
51,2,7,A2,392.1258158,,,,,,
51,2,8,A2,400.4974961,,,,,,
51,2,9,A2,406.026015,,,,,,
51,2,10,A2,397.9308366,,,,,,
51,2,11,A2,397.6741248,,,,,,
51,2,12,A2,391.6769407,,,,,,
51,2,13,A2,387.3669137,,,,,,
51,2,14,A2,401.85149,,,,,,
51,2,15,A2,401.4446,,,,,,
51,2,16,A2,392.6592112,,,,,,
51,2,17,A2,391.9676573,,,,,,
51,2,18,A2,402.7546634,,,,,,
51,2,19,A2,397.8662791,,,,,,
51,2,20,A2,392.1569652,,,,,,
51,2,21,A1,293.5454493,,,,,,
51,2,22,A1,294.5611087,,,,,,
51,2,23,A1,293.7742759,,,,,,
51,2,24,A1,281.0635441,,,,,,
51,2,25,A1,306.8708987,,,,,,
51,2,26,A1,290.0553862,,,,,,
51,2,27,A1,280.9819365,,,,,,
51,2,28,A1,271.245711,,,,,,
51,2,29,A1,283.3338116,,,,,,
51,2,30,A1,290.6678878,,,,,,
51,2,31,A1,310.6323276,,,,,,
51,2,32,A1,282.4420686,,,,,,
51,2,33,A1,285.556948,,,,,,
51,2,34,A1,278.4438243,,,,,,
51,2,35,A1,295.4840517,,,,,,
51,2,36,A1,307.5835965,,,,,,
51,2,37,A1,296.3925799,,,,,,
51,2,38,A1,289.7109589,,,,,,
51,2,39,A1,294.8572694,,,,,,
51,2,40,A1,306.3543628,,,,,,
52,1,1,A1,293.4822637,,,,,,
52,1,2,A1,304.8021855,,,,,,
52,1,3,A1,292.1851795,,,,,,
52,1,4,A1,295.8275708,,,,,,
52,1,5,A1,308.7922659,,,,,,
52,1,6,A1,308.9256649,,,,,,
52,1,7,A1,312.4829836,,,,,,
52,1,8,A1,317.4124196,,,,,,
52,1,9,A1,297.562992,,,,,,
52,1,10,A1,314.4951683,,,,,,
52,1,11,A1,317.5432201,,,,,,
52,1,12,A1,292.5092586,,,,,,
52,1,13,A1,289.1105913,,,,,,
52,1,14,A1,296.7332339,,,,,,
52,1,15,A1,309.4956047,,,,,,
52,1,16,A1,301.6481723,,,,,,
52,1,17,A1,297.4854249,,,,,,
52,1,18,A1,315.6763954,,,,,,
52,1,19,A1,311.7615808,,,,,,
52,1,20,A1,301.2637644,,,,,,
52,1,21,A2,401.7719334,,,,,,
52,1,22,A2,395.5326206,,,,,,
52,1,23,A2,408.7296259,,,,,,
52,1,24,A2,395.7137684,,,,,,
52,1,25,A2,412.0074964,,,,,,
52,1,26,A2,404.1915357,,,,,,
52,1,27,A2,401.0115733,,,,,,
52,1,28,A2,394.7785319,,,,,,
52,1,29,A2,405.282478,,,,,,
52,1,30,A2,400.8673637,,,,,,
52,1,31,A2,401.3474695,,,,,,
52,1,32,A2,406.406272,,,,,,
52,1,33,A2,401.8074361,,,,,,
52,1,34,A2,400.9680856,,,,,,
52,1,35,A2,408.0185154,,,,,,
52,1,36,A2,405.1181743,,,,,,
52,1,37,A2,404.2898774,,,,,,
52,1,38,A2,404.4430834,,,,,,
52,1,39,A2,402.0214696,,,,,,
52,1,40,A2,408.3624901,,,,,,
53,1,1,A1,292.7068376,,,,,,
53,1,2,A1,289.4122557,,,,,,
53,1,3,A1,287.1279235,,,,,,
53,1,4,A1,286.511503,,,,,,
53,1,5,A1,279.4063038,,,,,,
53,1,6,A1,310.9154379,,,,,,
53,1,7,A1,300.6550167,,,,,,
53,1,8,A1,303.8414895,,,,,,
53,1,9,A1,289.0597678,,,,,,
53,1,10,A1,291.9421792,,,,,,
53,1,11,A1,296.0695377,,,,,,
53,1,12,A1,280.4574017,,,,,,
53,1,13,A1,285.2185159,,,,,,
53,1,14,A1,285.8951783,,,,,,
53,1,15,A1,292.7265115,,,,,,
53,1,16,A1,287.5958348,,,,,,
53,1,17,A1,283.6542171,,,,,,
53,1,18,A1,312.9629146,,,,,,
53,1,19,A1,292.2510109,,,,,,
53,1,20,A1,290.5810603,,,,,,
53,1,21,A2,396.4426811,,,,,,
53,1,22,A2,402.9076831,,,,,,
53,1,23,A2,403.2236443,,,,,,
53,1,24,A2,387.8826393,,,,,,
53,1,25,A2,409.6734171,,,,,,
53,1,26,A2,405.6993143,,,,,,
53,1,27,A2,405.7730414,,,,,,
53,1,28,A2,405.4457016,,,,,,
53,1,29,A2,394.6670709,,,,,,
53,1,30,A2,399.8032512,,,,,,
53,1,31,A2,404.5245895,,,,,,
53,1,32,A2,393.0771114,,,,,,
53,1,33,A2,393.6021142,,,,,,
53,1,34,A2,396.5597258,,,,,,
53,1,35,A2,396.0720604,,,,,,
53,1,36,A2,416.242003,,,,,,
53,1,37,A2,401.0355736,,,,,,
53,1,38,A2,398.6517398,,,,,,
53,1,39,A2,391.4812303,,,,,,
53,1,40,A2,416.8907245,,,,,,
54,2,1,A2,407.1881092,,,,,,
54,2,2,A2,399.8857,,,,,,
54,2,3,A2,404.2789892,,,,,,
54,2,4,A2,396.0167367,,,,,,
54,2,5,A2,397.7493111,,,,,,
54,2,6,A2,408.0257877,,,,,,
54,2,7,A2,400.2319962,,,,,,
54,2,8,A2,408.4033346,,,,,,
54,2,9,A2,401.5980664,,,,,,
54,2,10,A2,399.8561292,,,,,,
54,2,11,A2,414.5059297,,,,,,
54,2,12,A2,397.7712319,,,,,,
54,2,13,A2,401.9781778,,,,,,
54,2,14,A2,401.3837912,,,,,,
54,2,15,A2,400.9924613,,,,,,
54,2,16,A2,406.3221811,,,,,,
54,2,17,A2,396.0093029,,,,,,
54,2,18,A2,403.6947445,,,,,,
54,2,19,A2,412.0638176,,,,,,
54,2,20,A2,409.4430243,,,,,,
54,2,21,A1,297.5898581,,,,,,
54,2,22,A1,295.6029364,,,,,,
54,2,23,A1,318.1182467,,,,,,
54,2,24,A1,300.1907241,,,,,,
54,2,25,A1,312.7009896,,,,,,
54,2,26,A1,304.9774361,,,,,,
54,2,27,A1,290.1265859,,,,,,
54,2,28,A1,287.2860111,,,,,,
54,2,29,A1,307.0472822,,,,,,
54,2,30,A1,299.8114125,,,,,,
54,2,31,A1,317.9258128,,,,,,
54,2,32,A1,300.5263066,,,,,,
54,2,33,A1,306.2132815,,,,,,
54,2,34,A1,284.0924324,,,,,,
54,2,35,A1,306.0940027,,,,,,
54,2,36,A1,321.5228835,,,,,,
54,2,37,A1,305.0590705,,,,,,
54,2,38,A1,311.182381,,,,,,
54,2,39,A1,308.379911,,,,,,
54,2,40,A1,302.7617514,,,,,,
55,1,1,A1,845.3655,,,,,,
55,1,2,A1,312.6592,,,,y,,
55,1,3,A1,546.214,,,,,,
55,1,4,A1,312.8219,,,1,,,
55,1,5,A1,538.6126,,,2,,,
55,1,6,A1,389.0012,,,3,,,
55,1,7,A1,534.6238,,,4,,,
55,1,8,A1,493.9782,,,5,,,
55,1,9,A1,990.8371,,,6,,,
55,1,10,A1,643.8671,,,7,,,
55,1,11,A1,684.3143,,,8,,,
55,1,12,A1,626.5021,,,9,,,
55,1,13,A1,653.4528,,,10,,,
55,1,14,A1,599.7335,,,11,,,
55,1,15,A1,802.2916,,,12,,,
55,1,16,A1,581.2824,,,13,,,
55,1,17,A1,421.991,,,14,,,
55,1,18,A1,656.1729,,,15,,,
55,1,19,A1,629.3767,,,16,,,
55,1,20,A1,850.8313,,,17,,,
55,1,21,A2,800.7988,,,18,,,
55,1,22,A2,506.5128,,,19,,,
55,1,23,A2,927.0326,,,20,,,
55,1,24,A2,668.6962,,,21,,,
55,1,25,A2,462.4261,,,22,,,
55,1,26,A2,664.9291,,,23,,,
55,1,27,A2,815.9796,,,24,,,
55,1,28,A2,599.8082,,,25,,,
55,1,29,A2,565.8085,,,26,,,
55,1,30,A2,813.2374,,,27,,,
55,1,31,A2,578.6664,,,28,,,
55,1,32,A2,508.1674,,,29,,,
55,1,33,A2,474.4489,,,30,,,
55,1,34,A2,672.0152,,,31,,,
55,1,35,A2,489.7903,,,32,,,
55,1,36,A2,651.906,,,33,,,
55,1,37,A2,584.3895,,,34,,,
55,1,38,A2,571.7792,,,35,,,
55,1,39,A2,619.2733,,,36,,,
55,1,40,A2,634.4124,,,37,,,
56,2,1,A2,390.3901949,,,38,,,
56,2,2,A2,403.7075669,,,39,,,
56,2,3,A2,395.3879223,,,40,,,
56,2,4,A2,396.9667237,,,"Showing 1 to 19 of 40 entries, 1 total columns",,,
56,2,5,A2,402.3193469,,,,,,
56,2,6,A2,410.4077409,,,,,,
56,2,7,A2,400.5996754,,,,,,
56,2,8,A2,404.9359305,,,,,,
56,2,9,A2,398.242052,,,,,,
56,2,10,A2,398.9227859,,,,,,
56,2,11,A2,402.609763,,,,,,
56,2,12,A2,400.025838,,,,,,
56,2,13,A2,385.3824789,,,,,,
56,2,14,A2,402.0466739,,,,,,
56,2,15,A2,403.8166894,,,,,,
56,2,16,A2,401.4736659,,,,,,
56,2,17,A2,401.9887198,,,,,,
56,2,18,A2,404.4935625,,,,,,
56,2,19,A2,408.2434994,,,,,,
56,2,20,A2,405.0655834,,,,,,
56,2,21,A1,275.8049155,,,,,,
56,2,22,A1,277.2120366,,,,,,
56,2,23,A1,298.5174202,,,,,,
56,2,24,A1,279.4403995,,,,,,
56,2,25,A1,305.1529899,,,,,,
56,2,26,A1,295.0513534,,,,,,
56,2,27,A1,275.4597111,,,,,,
56,2,28,A1,265.5421208,,,,,,
56,2,29,A1,294.0393331,,,,,,
56,2,30,A1,283.420407,,,,,,
56,2,31,A1,290.4321281,,,,,,
56,2,32,A1,279.1939602,,,,,,
56,2,33,A1,282.5079889,,,,,,
56,2,34,A1,273.8092821,,,,,,
56,2,35,A1,288.1857724,,,,,,
56,2,36,A1,297.5767472,,,,,,
56,2,37,A1,289.5990337,,,,,,
56,2,38,A1,284.8625535,,,,,,
56,2,39,A1,279.8312431,,,,,,
56,2,40,A1,298.6503826,,,,,,
57,2,1,A2,404.0201368,,,,,,
57,2,2,A2,400.7602868,,,,,,
57,2,3,A2,406.1545149,,,,,,
57,2,4,A2,398.394773,,,,,,
57,2,5,A2,400.3239821,,,,,,
57,2,6,A2,407.9797022,,,,,,
57,2,7,A2,397.3177748,,,,,,
57,2,8,A2,406.2581483,,,,,,
57,2,9,A2,396.9273094,,,,,,
57,2,10,A2,405.8838932,,,,,,
57,2,11,A2,409.5523187,,,,,,
57,2,12,A2,402.4454626,,,,,,
57,2,13,A2,396.0493867,,,,,,
57,2,14,A2,404.5826951,,,,,,
57,2,15,A2,408.8544311,,,,,,
57,2,16,A2,408.6174248,,,,,,
57,2,17,A2,396.7311287,,,,,,
57,2,18,A2,408.4291105,,,,,,
57,2,19,A2,404.8479796,,,,,,
57,2,20,A2,400.0481269,,,,,,
57,2,21,A1,308.0136773,,,,,,
57,2,22,A1,303.6408353,,,,,,
57,2,23,A1,317.5635824,,,,,,
57,2,24,A1,306.5008331,,,,,,
57,2,25,A1,319.6670591,,,,,,
57,2,26,A1,310.0922773,,,,,,
57,2,27,A1,301.8736822,,,,,,
57,2,28,A1,286.8427553,,,,,,
57,2,29,A1,310.6482378,,,,,,
57,2,30,A1,306.8012228,,,,,,
57,2,31,A1,308.0951006,,,,,,
57,2,32,A1,296.4256256,,,,,,
57,2,33,A1,313.7841143,,,,,,
57,2,34,A1,295.7085559,,,,,,
57,2,35,A1,313.2534984,,,,,,
57,2,36,A1,326.720228,,,,,,
57,2,37,A1,321.1981558,,,,,,
57,2,38,A1,302.2451916,,,,,,
57,2,39,A1,308.2960836,,,,,,
57,2,40,A1,321.4668188,,,,,,
58,1,1,A1,288.7149351,,,,,,
58,1,2,A1,309.1799412,,,,,,
58,1,3,A1,287.607085,,,,,,
58,1,4,A1,268.3063074,,,,,,
58,1,5,A1,291.8126703,,,,,,
58,1,6,A1,292.4185106,,,,,,
58,1,7,A1,296.5447946,,,,,,
58,1,8,A1,305.9747569,,,,,,
58,1,9,A1,286.5344933,,,,,,
58,1,10,A1,294.8632898,,,,,,
58,1,11,A1,297.8561517,,,,,,
58,1,12,A1,292.4281111,,,,,,
58,1,13,A1,279.5520243,,,,,,
58,1,14,A1,301.6211823,,,,,,
58,1,15,A1,295.7499228,,,,,,
58,1,16,A1,304.0033648,,,,,,
58,1,17,A1,282.369044,,,,,,
58,1,18,A1,302.6185809,,,,,,
58,1,19,A1,308.9372229,,,,,,
58,1,20,A1,297.0150844,,,,,,
58,1,21,A2,407.108715,,,,,,
58,1,22,A2,408.5803098,,,,,,
58,1,23,A2,404.2920591,,,,,,
58,1,24,A2,397.9742581,,,,,,
58,1,25,A2,404.7556142,,,,,,
58,1,26,A2,405.8566844,,,,,,
58,1,27,A2,400.7947811,,,,,,
58,1,28,A2,394.7304015,,,,,,
58,1,29,A2,409.2911897,,,,,,
58,1,30,A2,403.2127754,,,,,,
58,1,31,A2,408.4407041,,,,,,
58,1,32,A2,404.4100902,,,,,,
58,1,33,A2,402.8228651,,,,,,
58,1,34,A2,403.5099036,,,,,,
58,1,35,A2,399.0232127,,,,,,
58,1,36,A2,413.882773,,,,,,
58,1,37,A2,411.9969382,,,,,,
58,1,38,A2,403.6308281,,,,,,
58,1,39,A2,409.257218,,,,,,
58,1,40,A2,411.0895003,,,,,,
59,1,1,A1,264.8327927,,,,,,
59,1,2,A1,272.9675495,,,,,,
59,1,3,A1,267.6446958,,,,,,
59,1,4,A1,261.9111616,,,,,,
59,1,5,A1,274.5866845,,,,,,
59,1,6,A1,265.7156574,,,,,,
59,1,7,A1,282.6836627,,,,,,
59,1,8,A1,282.1613127,,,,,,
59,1,9,A1,267.0066772,,,,,,
59,1,10,A1,270.9641447,,,,,,
59,1,11,A1,274.4908825,,,,,,
59,1,12,A1,264.1906712,,,,,,
59,1,13,A1,258.5564386,,,,,,
59,1,14,A1,259.3803548,,,,,,
59,1,15,A1,272.0677552,,,,,,
59,1,16,A1,276.5975328,,,,,,
59,1,17,A1,261.8657379,,,,,,
59,1,18,A1,276.1051167,,,,,,
59,1,19,A1,270.1541873,,,,,,
59,1,20,A1,263.2917163,,,,,,
59,1,21,A2,400.3737976,,,,,,
59,1,22,A2,393.952562,,,,,,
59,1,23,A2,392.5795983,,,,,,
59,1,24,A2,388.0589319,,,,,,
59,1,25,A2,399.6665605,,,,,,
59,1,26,A2,400.3503711,,,,,,
59,1,27,A2,392.2512886,,,,,,
59,1,28,A2,388.8494442,,,,,,
59,1,29,A2,397.4279396,,,,,,
59,1,30,A2,391.8481558,,,,,,
59,1,31,A2,394.0113849,,,,,,
59,1,32,A2,388.4654921,,,,,,
59,1,33,A2,386.5108009,,,,,,
59,1,34,A2,384.7834862,,,,,,
59,1,35,A2,394.0446006,,,,,,
59,1,36,A2,397.3756528,,,,,,
59,1,37,A2,392.5396226,,,,,,
59,1,38,A2,392.7861367,,,,,,
59,1,39,A2,389.6767501,,,,,,
59,1,40,A2,401.1886319,,,,,,
60,1,1,A1,290.7020324,,,,,,
60,1,2,A1,304.3885411,,,,,,
60,1,3,A1,299.3998238,,,,,,
60,1,4,A1,289.115996,,,,,,
60,1,5,A1,285.3268035,,,,,,
60,1,6,A1,306.1539187,,,,,,
60,1,7,A1,308.5512512,,,,,,
60,1,8,A1,317.3006648,,,,,,
60,1,9,A1,292.2751361,,,,,,
60,1,10,A1,305.3144264,,,,,,
60,1,11,A1,307.7232724,,,,,,
60,1,12,A1,294.4610404,,,,,,
60,1,13,A1,284.835272,,,,,,
60,1,14,A1,304.6842671,,,,,,
60,1,15,A1,307.6735618,,,,,,
60,1,16,A1,305.0284052,,,,,,
60,1,17,A1,284.2605352,,,,,,
60,1,18,A1,315.428969,,,,,,
60,1,19,A1,314.2619117,,,,,,
60,1,20,A1,296.2960988,,,,,,
60,1,21,A2,411.0886893,,,,,,
60,1,22,A2,393.6770838,,,,,,
60,1,23,A2,400.5596779,,,,,,
60,1,24,A2,403.0472862,,,,,,
60,1,25,A2,408.5717275,,,,,,
60,1,26,A2,410.8071481,,,,,,
60,1,27,A2,400.4331429,,,,,,
60,1,28,A2,393.884548,,,,,,
60,1,29,A2,407.4262669,,,,,,
60,1,30,A2,392.0509294,,,,,,
60,1,31,A2,404.9993676,,,,,,
60,1,32,A2,399.4431629,,,,,,
60,1,33,A2,399.7560979,,,,,,
60,1,34,A2,405.4338818,,,,,,
60,1,35,A2,395.2950967,,,,,,
60,1,36,A2,411.9646865,,,,,,
60,1,37,A2,398.3241584,,,,,,
60,1,38,A2,400.8976561,,,,,,
60,1,39,A2,399.8719108,,,,,,
60,1,40,A2,400.0888105,,,,,,